-- phpMyAdmin SQL Dump
-- version 5.2.1
-- https://www.phpmyadmin.net/
--
-- Host: 127.0.0.1
-- Tempo de geração: 29/10/2025 às 01:20
-- Versão do servidor: 10.4.32-MariaDB
-- Versão do PHP: 8.0.30

SET SQL_MODE = "NO_AUTO_VALUE_ON_ZERO";
START TRANSACTION;
SET time_zone = "+00:00";

  -- servicos_senac
/*!40101 SET @OLD_CHARACTER_SET_CLIENT=@@CHARACTER_SET_CLIENT */;
/*!40101 SET @OLD_CHARACTER_SET_RESULTS=@@CHARACTER_SET_RESULTS */;
/*!40101 SET @OLD_COLLATION_CONNECTION=@@COLLATION_CONNECTION */;
/*!40101 SET NAMES utf8mb4 */;

--
-- Banco de dados: `servicos_senac`
--

-- --------------------------------------------------------

--
-- Estrutura para tabela `administradores`
--

CREATE TABLE `administradores` (
  `id_administrador` int(11) NOT NULL,
  `nome` varchar(255) NOT NULL,
  `email` varchar(255) NOT NULL,
  `senha` varchar(255) NOT NULL,
  `data_cadastro` timestamp NOT NULL DEFAULT current_timestamp()
) ENGINE=InnoDB DEFAULT CHARSET=utf8mb4 COLLATE=utf8mb4_general_ci;

--
-- Despejando dados para a tabela `administradores`
--

INSERT INTO `administradores` (`id_administrador`, `nome`, `email`, `senha`, `data_cadastro`) VALUES
(1, 'Admin Geral', 'admin@servicos.com', '$2y$10$4QLwLpyAtVcKgIIlLcj/6eHh1PF/qpxm7axeca.8nSQ2HXSG2AG0i', '2025-07-19 13:22:51');

-- --------------------------------------------------------

--
-- Estrutura para tabela `avaliacoes`
--

CREATE TABLE `avaliacoes` (
  `id_avaliacao` int(11) NOT NULL,
  `id_servico` int(11) NOT NULL,
  `id_usuario` int(11) NOT NULL,
  `nota` int(11) NOT NULL CHECK (`nota` >= 1 and `nota` <= 5),
  `comentario` text DEFAULT NULL,
  `data_avaliacao` timestamp NOT NULL DEFAULT current_timestamp()
) ENGINE=InnoDB DEFAULT CHARSET=utf8mb4 COLLATE=utf8mb4_general_ci;

--
-- Despejando dados para a tabela `avaliacoes`
--

INSERT INTO `avaliacoes` (`id_avaliacao`, `id_servico`, `id_usuario`, `nota`, `comentario`, `data_avaliacao`) VALUES
(1, 1, 5, 5, 'Excelente trabalho! O logotipo ficou perfeito.', '2025-07-19 13:22:51'),
(2, 2, 6, 4, 'Site muito bem feito e responsivo. Recomendo!', '2025-07-19 13:22:51'),
(3, 3, 1, 4, 'Bom gerenciamento das redes sociais, mas poderia ter mais posts.', '2025-07-19 13:22:51'),
(4, 4, 2, 5, 'Fotos incríveis, superou minhas expectativas.', '2025-07-19 13:22:51'),
(5, 1, 3, 4, 'Rápido e eficiente, gostei do resultado.', '2025-07-19 13:22:51'),
(6, 2, 4, 5, 'Profissional muito atencioso e entregou no prazo.', '2025-07-19 13:22:51');

-- --------------------------------------------------------

--
-- Estrutura para tabela `categorias`
--

CREATE TABLE `categorias` (
  `id_categoria` int(11) NOT NULL,
  `nome_categoria` varchar(255) NOT NULL,
  `descricao` text DEFAULT NULL,
  `ativo` tinyint(4) DEFAULT 1 COMMENT '0 = Inativo, 1 = Ativo'
) ENGINE=InnoDB DEFAULT CHARSET=utf8mb4 COLLATE=utf8mb4_general_ci;

--
-- Despejando dados para a tabela `categorias`
--

INSERT INTO `categorias` (`id_categoria`, `nome_categoria`, `descricao`, `ativo`) VALUES
(1, 'Saúde e Bem-Estar', 'Serviços relacionados à saúde e bem-estar.', 1),
(2, 'Desenvolvimento', 'Criação de websites, aplicativos e sistemas.', 1),
(3, 'Marketing Digital', 'Serviços de SEO, mídias sociais e campanhas de marketing.', 1),
(4, 'Beleza e Estética', 'Serviços de cabeleireiro, maquiagem, manicure e massagens.', 1),
(5, 'Design Gráfico', 'Criação de logotipos, identidade visual e materiais gráficos.', 1),
(6, 'Fotografia e Vídeo', 'Serviços de fotografia e edição de vídeo.', 1),
(8, 'Consultoria', 'Consultoria em diversas áreas de negócio e pessoal.', 1),
(9, 'Cuidador de Idoso', 'Cuidar de Idosos', 1);

-- --------------------------------------------------------

--
-- Estrutura para tabela `cidades_senac_mg`
--

CREATE TABLE `cidades_senac_mg` (
  `id_cidade` int(11) NOT NULL,
  `nome_cidade` varchar(100) NOT NULL,
  `uf` char(2) DEFAULT 'MG',
  `ativa` tinyint(1) DEFAULT 1,
  `data_criacao` timestamp NOT NULL DEFAULT current_timestamp()
) ENGINE=InnoDB DEFAULT CHARSET=utf8mb4 COLLATE=utf8mb4_general_ci;

--
-- Despejando dados para a tabela `cidades_senac_mg`
--

INSERT INTO `cidades_senac_mg` (`id_cidade`, `nome_cidade`, `uf`, `ativa`, `data_criacao`) VALUES
(102, 'Abadia dos Dourados', 'MG', 1, '2025-10-27 23:01:48'),
(103, 'Abaeté', 'MG', 1, '2025-10-27 23:01:48'),
(104, 'Abre Campo', 'MG', 1, '2025-10-27 23:01:48'),
(105, 'Acaiaca', 'MG', 1, '2025-10-27 23:01:48'),
(106, 'Açucena', 'MG', 1, '2025-10-27 23:01:48'),
(107, 'Água Boa', 'MG', 1, '2025-10-27 23:01:48'),
(108, 'Água Comprida', 'MG', 1, '2025-10-27 23:01:48'),
(109, 'Aguanil', 'MG', 1, '2025-10-27 23:01:48'),
(110, 'Águas Formosas', 'MG', 1, '2025-10-27 23:01:48'),
(111, 'Águas Vermelhas', 'MG', 1, '2025-10-27 23:01:48'),
(112, 'Aimorés', 'MG', 1, '2025-10-27 23:01:48'),
(113, 'Aiuruoca', 'MG', 1, '2025-10-27 23:01:48'),
(114, 'Alagoa', 'MG', 1, '2025-10-27 23:01:48'),
(115, 'Albertina', 'MG', 1, '2025-10-27 23:01:48'),
(116, 'Além Paraíba', 'MG', 1, '2025-10-27 23:01:48'),
(117, 'Alfenas', 'MG', 1, '2025-10-27 23:01:48'),
(118, 'Alfredo Vasconcelos', 'MG', 1, '2025-10-27 23:01:48'),
(119, 'Almenara', 'MG', 1, '2025-10-27 23:01:48'),
(120, 'Alpercata', 'MG', 1, '2025-10-27 23:01:48'),
(121, 'Alpinópolis', 'MG', 1, '2025-10-27 23:01:48'),
(122, 'Alterosa', 'MG', 1, '2025-10-27 23:01:48'),
(123, 'Alto Caparaó', 'MG', 1, '2025-10-27 23:01:48'),
(124, 'Alto Jequitibá', 'MG', 1, '2025-10-27 23:01:48'),
(125, 'Alto Rio Doce', 'MG', 1, '2025-10-27 23:01:48'),
(126, 'Alvarenga', 'MG', 1, '2025-10-27 23:01:48'),
(127, 'Alvinópolis', 'MG', 1, '2025-10-27 23:01:48'),
(128, 'Alvorada de Minas', 'MG', 1, '2025-10-27 23:01:48'),
(129, 'Amparo do Serra', 'MG', 1, '2025-10-27 23:01:48'),
(130, 'Andradas', 'MG', 1, '2025-10-27 23:01:48'),
(131, 'Andrelândia', 'MG', 1, '2025-10-27 23:01:48'),
(132, 'Angelândia', 'MG', 1, '2025-10-27 23:01:48'),
(133, 'Antônio Carlos', 'MG', 1, '2025-10-27 23:01:48'),
(134, 'Antônio Dias', 'MG', 1, '2025-10-27 23:01:48'),
(135, 'Antônio Prado de Minas', 'MG', 1, '2025-10-27 23:01:48'),
(136, 'Araçaí', 'MG', 1, '2025-10-27 23:01:48'),
(137, 'Aracitaba', 'MG', 1, '2025-10-27 23:01:48'),
(138, 'Araçuaí', 'MG', 1, '2025-10-27 23:01:48'),
(139, 'Araguari', 'MG', 1, '2025-10-27 23:01:48'),
(140, 'Arantina', 'MG', 1, '2025-10-27 23:01:48'),
(141, 'Araponga', 'MG', 1, '2025-10-27 23:01:48'),
(142, 'Araporã', 'MG', 1, '2025-10-27 23:01:48'),
(143, 'Arapuá', 'MG', 1, '2025-10-27 23:01:48'),
(144, 'Araújos', 'MG', 1, '2025-10-27 23:01:48'),
(145, 'Araxá', 'MG', 1, '2025-10-27 23:01:48'),
(146, 'Arceburgo', 'MG', 1, '2025-10-27 23:01:48'),
(147, 'Arcos', 'MG', 1, '2025-10-27 23:01:48'),
(148, 'Areado', 'MG', 1, '2025-10-27 23:01:48'),
(149, 'Argirita', 'MG', 1, '2025-10-27 23:01:48'),
(150, 'Aricanduva', 'MG', 1, '2025-10-27 23:01:48'),
(151, 'Arinos', 'MG', 1, '2025-10-27 23:01:48'),
(152, 'Astolfo Dutra', 'MG', 1, '2025-10-27 23:01:48'),
(153, 'Ataléia', 'MG', 1, '2025-10-27 23:01:48'),
(154, 'Augusto de Lima', 'MG', 1, '2025-10-27 23:01:48'),
(155, 'Baependi', 'MG', 1, '2025-10-27 23:01:48'),
(156, 'Baldim', 'MG', 1, '2025-10-27 23:01:48'),
(157, 'Bambuí', 'MG', 1, '2025-10-27 23:01:48'),
(158, 'Bandeira', 'MG', 1, '2025-10-27 23:01:48'),
(159, 'Bandeira do Sul', 'MG', 1, '2025-10-27 23:01:48'),
(160, 'Barão de Cocais', 'MG', 1, '2025-10-27 23:01:48'),
(161, 'Barão de Monte Alto', 'MG', 1, '2025-10-27 23:01:48'),
(162, 'Barbacena', 'MG', 1, '2025-10-27 23:01:48'),
(163, 'Barra Longa', 'MG', 1, '2025-10-27 23:01:48'),
(164, 'Barroso', 'MG', 1, '2025-10-27 23:01:48'),
(165, 'Bela Vista de Minas', 'MG', 1, '2025-10-27 23:01:48'),
(166, 'Belmiro Braga', 'MG', 1, '2025-10-27 23:01:48'),
(167, 'Belo Horizonte', 'MG', 1, '2025-10-27 23:01:48'),
(168, 'Belo Oriente', 'MG', 1, '2025-10-27 23:01:48'),
(169, 'Belo Vale', 'MG', 1, '2025-10-27 23:01:48'),
(170, 'Berilo', 'MG', 1, '2025-10-27 23:01:48'),
(171, 'Berizal', 'MG', 1, '2025-10-27 23:01:48'),
(172, 'Bertópolis', 'MG', 1, '2025-10-27 23:01:48'),
(173, 'Betim', 'MG', 1, '2025-10-27 23:01:48'),
(174, 'Bias Fortes', 'MG', 1, '2025-10-27 23:01:48'),
(175, 'Bicas', 'MG', 1, '2025-10-27 23:01:48'),
(176, 'Biquinhas', 'MG', 1, '2025-10-27 23:01:48'),
(177, 'Boa Esperança', 'MG', 1, '2025-10-27 23:01:48'),
(178, 'Bocaina de Minas', 'MG', 1, '2025-10-27 23:01:48'),
(179, 'Bocaiúva', 'MG', 1, '2025-10-27 23:01:48'),
(180, 'Bom Despacho', 'MG', 1, '2025-10-27 23:01:48'),
(181, 'Bom Jardim de Minas', 'MG', 1, '2025-10-27 23:01:48'),
(182, 'Bom Jesus da Penha', 'MG', 1, '2025-10-27 23:01:48'),
(183, 'Bom Jesus do Amparo', 'MG', 1, '2025-10-27 23:01:48'),
(184, 'Bom Jesus do Galho', 'MG', 1, '2025-10-27 23:01:48'),
(185, 'Bom Repouso', 'MG', 1, '2025-10-27 23:01:48'),
(186, 'Bom Sucesso', 'MG', 1, '2025-10-27 23:01:48'),
(187, 'Bonfim', 'MG', 1, '2025-10-27 23:01:48'),
(188, 'Bonfinópolis de Minas', 'MG', 1, '2025-10-27 23:01:48'),
(189, 'Bonito de Minas', 'MG', 1, '2025-10-27 23:01:48'),
(190, 'Borda da Mata', 'MG', 1, '2025-10-27 23:01:48'),
(191, 'Botelhos', 'MG', 1, '2025-10-27 23:01:48'),
(192, 'Botumirim', 'MG', 1, '2025-10-27 23:01:48'),
(193, 'Brás Pires', 'MG', 1, '2025-10-27 23:01:48'),
(194, 'Brasilândia de Minas', 'MG', 1, '2025-10-27 23:01:48'),
(195, 'Brasília de Minas', 'MG', 1, '2025-10-27 23:01:48'),
(196, 'Brasópolis', 'MG', 1, '2025-10-27 23:01:48'),
(197, 'Braúnas', 'MG', 1, '2025-10-27 23:01:48'),
(198, 'Brumadinho', 'MG', 1, '2025-10-27 23:01:48'),
(199, 'Bueno Brandão', 'MG', 1, '2025-10-27 23:01:48'),
(200, 'Buenópolis', 'MG', 1, '2025-10-27 23:01:48'),
(201, 'Bugre', 'MG', 1, '2025-10-27 23:01:48'),
(202, 'Buritis', 'MG', 1, '2025-10-27 23:01:48'),
(203, 'Buritizeiro', 'MG', 1, '2025-10-27 23:01:48'),
(204, 'Cabeceira Grande', 'MG', 1, '2025-10-27 23:01:48'),
(205, 'Cabo Verde', 'MG', 1, '2025-10-27 23:01:48'),
(206, 'Cachoeira da Prata', 'MG', 1, '2025-10-27 23:01:48'),
(207, 'Cachoeira de Minas', 'MG', 1, '2025-10-27 23:01:48'),
(208, 'Cachoeira de Pajeú', 'MG', 1, '2025-10-27 23:01:48'),
(209, 'Cachoeira Dourada', 'MG', 1, '2025-10-27 23:01:48'),
(210, 'Caetanópolis', 'MG', 1, '2025-10-27 23:01:48'),
(211, 'Caeté', 'MG', 1, '2025-10-27 23:01:48'),
(212, 'Caiana', 'MG', 1, '2025-10-27 23:01:48'),
(213, 'Cajuri', 'MG', 1, '2025-10-27 23:01:48'),
(214, 'Caldas', 'MG', 1, '2025-10-27 23:01:48'),
(215, 'Camacho', 'MG', 1, '2025-10-27 23:01:48'),
(216, 'Camanducaia', 'MG', 1, '2025-10-27 23:01:48'),
(217, 'Cambuí', 'MG', 1, '2025-10-27 23:01:48'),
(218, 'Cambuquira', 'MG', 1, '2025-10-27 23:01:48'),
(219, 'Campanário', 'MG', 1, '2025-10-27 23:01:48'),
(220, 'Campanha', 'MG', 1, '2025-10-27 23:01:48'),
(221, 'Campestre', 'MG', 1, '2025-10-27 23:01:48'),
(222, 'Campina Verde', 'MG', 1, '2025-10-27 23:01:48'),
(223, 'Campo Azul', 'MG', 1, '2025-10-27 23:01:48'),
(224, 'Campo Belo', 'MG', 1, '2025-10-27 23:01:48'),
(225, 'Campo do Meio', 'MG', 1, '2025-10-27 23:01:48'),
(226, 'Campo Florido', 'MG', 1, '2025-10-27 23:01:48'),
(227, 'Campos Altos', 'MG', 1, '2025-10-27 23:01:48'),
(228, 'Campos Gerais', 'MG', 1, '2025-10-27 23:01:48'),
(229, 'Cana Verde', 'MG', 1, '2025-10-27 23:01:48'),
(230, 'Canaã', 'MG', 1, '2025-10-27 23:01:48'),
(231, 'Canápolis', 'MG', 1, '2025-10-27 23:01:48'),
(232, 'Candeias', 'MG', 1, '2025-10-27 23:01:48'),
(233, 'Cantagalo', 'MG', 1, '2025-10-27 23:01:48'),
(234, 'Caparaó', 'MG', 1, '2025-10-27 23:01:48'),
(235, 'Capela Nova', 'MG', 1, '2025-10-27 23:01:48'),
(236, 'Capelinha', 'MG', 1, '2025-10-27 23:01:48'),
(237, 'Capetinga', 'MG', 1, '2025-10-27 23:01:48'),
(238, 'Capim Branco', 'MG', 1, '2025-10-27 23:01:48'),
(239, 'Capinópolis', 'MG', 1, '2025-10-27 23:01:48'),
(240, 'Capitão Andrade', 'MG', 1, '2025-10-27 23:01:48'),
(241, 'Capitão Enéas', 'MG', 1, '2025-10-27 23:01:48'),
(242, 'Capitólio', 'MG', 1, '2025-10-27 23:01:48'),
(243, 'Caputira', 'MG', 1, '2025-10-27 23:01:48'),
(244, 'Caraí', 'MG', 1, '2025-10-27 23:01:48'),
(245, 'Caranaíba', 'MG', 1, '2025-10-27 23:01:48'),
(246, 'Carandaí', 'MG', 1, '2025-10-27 23:01:48'),
(247, 'Carangola', 'MG', 1, '2025-10-27 23:01:48'),
(248, 'Caratinga', 'MG', 1, '2025-10-27 23:01:48'),
(249, 'Carbonita', 'MG', 1, '2025-10-27 23:01:48'),
(250, 'Careaçu', 'MG', 1, '2025-10-27 23:01:48'),
(251, 'Carlos Chagas', 'MG', 1, '2025-10-27 23:01:48'),
(252, 'Carmésia', 'MG', 1, '2025-10-27 23:01:48'),
(253, 'Carmo da Cachoeira', 'MG', 1, '2025-10-27 23:01:48'),
(254, 'Carmo da Mata', 'MG', 1, '2025-10-27 23:01:48'),
(255, 'Carmo de Minas', 'MG', 1, '2025-10-27 23:01:48'),
(256, 'Carmo do Cajuru', 'MG', 1, '2025-10-27 23:01:48'),
(257, 'Carmo do Paranaíba', 'MG', 1, '2025-10-27 23:01:48'),
(258, 'Carmo do Rio Claro', 'MG', 1, '2025-10-27 23:01:48'),
(259, 'Carmópolis de Minas', 'MG', 1, '2025-10-27 23:01:48'),
(260, 'Carneirinho', 'MG', 1, '2025-10-27 23:01:48'),
(261, 'Carrancas', 'MG', 1, '2025-10-27 23:01:48'),
(262, 'Carvalhópolis', 'MG', 1, '2025-10-27 23:01:48'),
(263, 'Carvalhos', 'MG', 1, '2025-10-27 23:01:48'),
(264, 'Casa Grande', 'MG', 1, '2025-10-27 23:01:48'),
(265, 'Cascalho Rico', 'MG', 1, '2025-10-27 23:01:48'),
(266, 'Cássia', 'MG', 1, '2025-10-27 23:01:48'),
(267, 'Cataguases', 'MG', 1, '2025-10-27 23:01:48'),
(268, 'Catas Altas', 'MG', 1, '2025-10-27 23:01:48'),
(269, 'Catas Altas da Noruega', 'MG', 1, '2025-10-27 23:01:48'),
(270, 'Catuji', 'MG', 1, '2025-10-27 23:01:48'),
(271, 'Catuti', 'MG', 1, '2025-10-27 23:01:48'),
(272, 'Caxambu', 'MG', 1, '2025-10-27 23:01:48'),
(273, 'Cedro do Abaeté', 'MG', 1, '2025-10-27 23:01:48'),
(274, 'Central de Minas', 'MG', 1, '2025-10-27 23:01:48'),
(275, 'Centralina', 'MG', 1, '2025-10-27 23:01:48'),
(276, 'Chácara', 'MG', 1, '2025-10-27 23:01:48'),
(277, 'Chalé', 'MG', 1, '2025-10-27 23:01:48'),
(278, 'Chapada do Norte', 'MG', 1, '2025-10-27 23:01:48'),
(279, 'Chapada Gaúcha', 'MG', 1, '2025-10-27 23:01:48'),
(280, 'Chiador', 'MG', 1, '2025-10-27 23:01:48'),
(281, 'Cipotânea', 'MG', 1, '2025-10-27 23:01:48'),
(282, 'Claraval', 'MG', 1, '2025-10-27 23:01:48'),
(283, 'Claro dos Poções', 'MG', 1, '2025-10-27 23:01:48'),
(284, 'Cláudio', 'MG', 1, '2025-10-27 23:01:48'),
(285, 'Coimbra', 'MG', 1, '2025-10-27 23:01:48'),
(286, 'Coluna', 'MG', 1, '2025-10-27 23:01:48'),
(287, 'Comendador Gomes', 'MG', 1, '2025-10-27 23:01:48'),
(288, 'Comercinho', 'MG', 1, '2025-10-27 23:01:48'),
(289, 'Conceição da Aparecida', 'MG', 1, '2025-10-27 23:01:48'),
(290, 'Conceição da Barra de Minas', 'MG', 1, '2025-10-27 23:01:48'),
(291, 'Conceição das Alagoas', 'MG', 1, '2025-10-27 23:01:48'),
(292, 'Conceição das Pedras', 'MG', 1, '2025-10-27 23:01:48'),
(293, 'Conceição de Ipanema', 'MG', 1, '2025-10-27 23:01:48'),
(294, 'Conceição do Mato Dentro', 'MG', 1, '2025-10-27 23:01:48'),
(295, 'Conceição do Pará', 'MG', 1, '2025-10-27 23:01:48'),
(296, 'Conceição do Rio Verde', 'MG', 1, '2025-10-27 23:01:48'),
(297, 'Conceição dos Ouros', 'MG', 1, '2025-10-27 23:01:48'),
(298, 'Cônego Marinho', 'MG', 1, '2025-10-27 23:01:48'),
(299, 'Confins', 'MG', 1, '2025-10-27 23:01:48'),
(300, 'Congonhal', 'MG', 1, '2025-10-27 23:01:48'),
(301, 'Congonhas', 'MG', 1, '2025-10-27 23:01:48'),
(302, 'Congonhas do Norte', 'MG', 1, '2025-10-27 23:01:48'),
(303, 'Conquista', 'MG', 1, '2025-10-27 23:01:48'),
(304, 'Conselheiro Lafaiete', 'MG', 1, '2025-10-27 23:01:48'),
(305, 'Conselheiro Pena', 'MG', 1, '2025-10-27 23:01:48'),
(306, 'Consolação', 'MG', 1, '2025-10-27 23:01:48'),
(307, 'Contagem', 'MG', 1, '2025-10-27 23:01:48'),
(308, 'Coqueiral', 'MG', 1, '2025-10-27 23:01:48'),
(309, 'Coração de Jesus', 'MG', 1, '2025-10-27 23:01:48'),
(310, 'Cordisburgo', 'MG', 1, '2025-10-27 23:01:48'),
(311, 'Cordislândia', 'MG', 1, '2025-10-27 23:01:48'),
(312, 'Corinto', 'MG', 1, '2025-10-27 23:01:48'),
(313, 'Coroaci', 'MG', 1, '2025-10-27 23:01:48'),
(314, 'Coromandel', 'MG', 1, '2025-10-27 23:01:48'),
(315, 'Coronel Fabriciano', 'MG', 1, '2025-10-27 23:01:48'),
(316, 'Coronel Murta', 'MG', 1, '2025-10-27 23:01:48'),
(317, 'Coronel Pacheco', 'MG', 1, '2025-10-27 23:01:48'),
(318, 'Coronel Xavier Chaves', 'MG', 1, '2025-10-27 23:01:48'),
(319, 'Córrego Danta', 'MG', 1, '2025-10-27 23:01:48'),
(320, 'Córrego do Bom Jesus', 'MG', 1, '2025-10-27 23:01:48'),
(321, 'Córrego Fundo', 'MG', 1, '2025-10-27 23:01:48'),
(322, 'Córrego Novo', 'MG', 1, '2025-10-27 23:01:48'),
(323, 'Couto de Magalhães de Minas', 'MG', 1, '2025-10-27 23:01:48'),
(324, 'Crisólita', 'MG', 1, '2025-10-27 23:01:48'),
(325, 'Cristais', 'MG', 1, '2025-10-27 23:01:48'),
(326, 'Cristália', 'MG', 1, '2025-10-27 23:01:48'),
(327, 'Cristiano Otoni', 'MG', 1, '2025-10-27 23:01:48'),
(328, 'Cristina', 'MG', 1, '2025-10-27 23:01:48'),
(329, 'Crucilândia', 'MG', 1, '2025-10-27 23:01:48'),
(330, 'Cruzeiro da Fortaleza', 'MG', 1, '2025-10-27 23:01:48'),
(331, 'Cruzília', 'MG', 1, '2025-10-27 23:01:48'),
(332, 'Cuparaque', 'MG', 1, '2025-10-27 23:01:48'),
(333, 'Curral de Dentro', 'MG', 1, '2025-10-27 23:01:48'),
(334, 'Curvelo', 'MG', 1, '2025-10-27 23:01:48'),
(335, 'Datas', 'MG', 1, '2025-10-27 23:01:48'),
(336, 'Delfim Moreira', 'MG', 1, '2025-10-27 23:01:48'),
(337, 'Delfinópolis', 'MG', 1, '2025-10-27 23:01:48'),
(338, 'Delta', 'MG', 1, '2025-10-27 23:01:48'),
(339, 'Descoberto', 'MG', 1, '2025-10-27 23:01:48'),
(340, 'Desterro de Entre Rios', 'MG', 1, '2025-10-27 23:01:48'),
(341, 'Desterro do Melo', 'MG', 1, '2025-10-27 23:01:48'),
(342, 'Diamantina', 'MG', 1, '2025-10-27 23:01:48'),
(343, 'Diogo de Vasconcelos', 'MG', 1, '2025-10-27 23:01:48'),
(344, 'Dionísio', 'MG', 1, '2025-10-27 23:01:48'),
(345, 'Divinésia', 'MG', 1, '2025-10-27 23:01:48'),
(346, 'Divino', 'MG', 1, '2025-10-27 23:01:48'),
(347, 'Divino das Laranjeiras', 'MG', 1, '2025-10-27 23:01:48'),
(348, 'Divinolândia de Minas', 'MG', 1, '2025-10-27 23:01:48'),
(349, 'Divinópolis', 'MG', 1, '2025-10-27 23:01:48'),
(350, 'Divisa Alegre', 'MG', 1, '2025-10-27 23:01:48'),
(351, 'Divisa Nova', 'MG', 1, '2025-10-27 23:01:48'),
(352, 'Divisópolis', 'MG', 1, '2025-10-27 23:01:48'),
(353, 'Dom Bosco', 'MG', 1, '2025-10-27 23:01:48'),
(354, 'Dom Cavati', 'MG', 1, '2025-10-27 23:01:48'),
(355, 'Dom Joaquim', 'MG', 1, '2025-10-27 23:01:48'),
(356, 'Dom Silvério', 'MG', 1, '2025-10-27 23:01:48'),
(357, 'Dom Viçoso', 'MG', 1, '2025-10-27 23:01:48'),
(358, 'Dona Eusébia', 'MG', 1, '2025-10-27 23:01:48'),
(359, 'Dores de Campos', 'MG', 1, '2025-10-27 23:01:48'),
(360, 'Dores de Guanhães', 'MG', 1, '2025-10-27 23:01:48'),
(361, 'Dores do Indaiá', 'MG', 1, '2025-10-27 23:01:48'),
(362, 'Dores do Turvo', 'MG', 1, '2025-10-27 23:01:48'),
(363, 'Doresópolis', 'MG', 1, '2025-10-27 23:01:48'),
(364, 'Douradoquara', 'MG', 1, '2025-10-27 23:01:48'),
(365, 'Durandé', 'MG', 1, '2025-10-27 23:01:48'),
(366, 'Elói Mendes', 'MG', 1, '2025-10-27 23:01:48'),
(367, 'Engenheiro Caldas', 'MG', 1, '2025-10-27 23:01:48'),
(368, 'Engenheiro Navarro', 'MG', 1, '2025-10-27 23:01:48'),
(369, 'Entre Folhas', 'MG', 1, '2025-10-27 23:01:48'),
(370, 'Entre Rios de Minas', 'MG', 1, '2025-10-27 23:01:48'),
(371, 'Ervália', 'MG', 1, '2025-10-27 23:01:48'),
(372, 'Esmeraldas', 'MG', 1, '2025-10-27 23:01:48'),
(373, 'Espera Feliz', 'MG', 1, '2025-10-27 23:01:48'),
(374, 'Espinosa', 'MG', 1, '2025-10-27 23:01:48'),
(375, 'Espírito Santo do Dourado', 'MG', 1, '2025-10-27 23:01:48'),
(376, 'Estiva', 'MG', 1, '2025-10-27 23:01:48'),
(377, 'Estrela Dalva', 'MG', 1, '2025-10-27 23:01:48'),
(378, 'Estrela do Indaiá', 'MG', 1, '2025-10-27 23:01:48'),
(379, 'Estrela do Sul', 'MG', 1, '2025-10-27 23:01:48'),
(380, 'Eugenópolis', 'MG', 1, '2025-10-27 23:01:48'),
(381, 'Ewbank da Câmara', 'MG', 1, '2025-10-27 23:01:48'),
(382, 'Extrema', 'MG', 1, '2025-10-27 23:01:48'),
(383, 'Fama', 'MG', 1, '2025-10-27 23:01:48'),
(384, 'Faria Lemos', 'MG', 1, '2025-10-27 23:01:48'),
(385, 'Felisburgo', 'MG', 1, '2025-10-27 23:01:48'),
(386, 'Felixlândia', 'MG', 1, '2025-10-27 23:01:48'),
(387, 'Fernandes Tourinho', 'MG', 1, '2025-10-27 23:01:48'),
(388, 'Ferros', 'MG', 1, '2025-10-27 23:01:48'),
(389, 'Fervedouro', 'MG', 1, '2025-10-27 23:01:48'),
(390, 'Florestal', 'MG', 1, '2025-10-27 23:01:48'),
(391, 'Formiga', 'MG', 1, '2025-10-27 23:01:48'),
(392, 'Formoso', 'MG', 1, '2025-10-27 23:01:48'),
(393, 'Fortaleza de Minas', 'MG', 1, '2025-10-27 23:01:48'),
(394, 'Fortuna de Minas', 'MG', 1, '2025-10-27 23:01:48'),
(395, 'Francisco Badaró', 'MG', 1, '2025-10-27 23:01:48'),
(396, 'Francisco Dumont', 'MG', 1, '2025-10-27 23:01:48'),
(397, 'Francisco Sá', 'MG', 1, '2025-10-27 23:01:48'),
(398, 'Franciscópolis', 'MG', 1, '2025-10-27 23:01:48'),
(399, 'Frei Gaspar', 'MG', 1, '2025-10-27 23:01:48'),
(400, 'Frei Inocêncio', 'MG', 1, '2025-10-27 23:01:48'),
(401, 'Frei Lagonegro', 'MG', 1, '2025-10-27 23:01:48'),
(402, 'Fronteira', 'MG', 1, '2025-10-27 23:01:48'),
(403, 'Fronteira dos Vales', 'MG', 1, '2025-10-27 23:01:48'),
(404, 'Fruta de Leite', 'MG', 1, '2025-10-27 23:01:48'),
(405, 'Frutal', 'MG', 1, '2025-10-27 23:01:48'),
(406, 'Funilândia', 'MG', 1, '2025-10-27 23:01:48'),
(407, 'Galiléia', 'MG', 1, '2025-10-27 23:01:48'),
(408, 'Gameleiras', 'MG', 1, '2025-10-27 23:01:48'),
(409, 'Glaucilândia', 'MG', 1, '2025-10-27 23:01:48'),
(410, 'Goiabeira', 'MG', 1, '2025-10-27 23:01:48'),
(411, 'Goianá', 'MG', 1, '2025-10-27 23:01:48'),
(412, 'Gonçalves', 'MG', 1, '2025-10-27 23:01:48'),
(413, 'Gonzaga', 'MG', 1, '2025-10-27 23:01:48'),
(414, 'Gouveia', 'MG', 1, '2025-10-27 23:01:48'),
(415, 'Governador Valadares', 'MG', 1, '2025-10-27 23:01:48'),
(416, 'Grão Mogol', 'MG', 1, '2025-10-27 23:01:48'),
(417, 'Grupiara', 'MG', 1, '2025-10-27 23:01:48'),
(418, 'Guanhães', 'MG', 1, '2025-10-27 23:01:48'),
(419, 'Guapé', 'MG', 1, '2025-10-27 23:01:48'),
(420, 'Guaraciaba', 'MG', 1, '2025-10-27 23:01:48'),
(421, 'Guaraciama', 'MG', 1, '2025-10-27 23:01:48'),
(422, 'Guaranésia', 'MG', 1, '2025-10-27 23:01:48'),
(423, 'Guarani', 'MG', 1, '2025-10-27 23:01:48'),
(424, 'Guarará', 'MG', 1, '2025-10-27 23:01:48'),
(425, 'Guarda-Mor', 'MG', 1, '2025-10-27 23:01:48'),
(426, 'Guaxupé', 'MG', 1, '2025-10-27 23:01:48'),
(427, 'Guidoval', 'MG', 1, '2025-10-27 23:01:48'),
(428, 'Guimarânia', 'MG', 1, '2025-10-27 23:01:48'),
(429, 'Guiricema', 'MG', 1, '2025-10-27 23:01:48'),
(430, 'Gurinhatã', 'MG', 1, '2025-10-27 23:01:48'),
(431, 'Heliodora', 'MG', 1, '2025-10-27 23:01:48'),
(432, 'Iapu', 'MG', 1, '2025-10-27 23:01:48'),
(433, 'Ibertioga', 'MG', 1, '2025-10-27 23:01:48'),
(434, 'Ibiá', 'MG', 1, '2025-10-27 23:01:48'),
(435, 'Ibiaí', 'MG', 1, '2025-10-27 23:01:48'),
(436, 'Ibiraci', 'MG', 1, '2025-10-27 23:01:48'),
(437, 'Ibirité', 'MG', 1, '2025-10-27 23:01:48'),
(438, 'Ibitiúra de Minas', 'MG', 1, '2025-10-27 23:01:48'),
(439, 'Ibituruna', 'MG', 1, '2025-10-27 23:01:48'),
(440, 'Icaraí de Minas', 'MG', 1, '2025-10-27 23:01:48'),
(441, 'Igarapé', 'MG', 1, '2025-10-27 23:01:48'),
(442, 'Igaratinga', 'MG', 1, '2025-10-27 23:01:48'),
(443, 'Iguatama', 'MG', 1, '2025-10-27 23:01:48'),
(444, 'Ijaci', 'MG', 1, '2025-10-27 23:01:48'),
(445, 'Ilicínea', 'MG', 1, '2025-10-27 23:01:48'),
(446, 'Imbé de Minas', 'MG', 1, '2025-10-27 23:01:48'),
(447, 'Inconfidentes', 'MG', 1, '2025-10-27 23:01:48'),
(448, 'Indaiabira', 'MG', 1, '2025-10-27 23:01:48'),
(449, 'Indianópolis', 'MG', 1, '2025-10-27 23:01:48'),
(450, 'Ingaí', 'MG', 1, '2025-10-27 23:01:48'),
(451, 'Inhapim', 'MG', 1, '2025-10-27 23:01:48'),
(452, 'Inhaúma', 'MG', 1, '2025-10-27 23:01:48'),
(453, 'Inimutaba', 'MG', 1, '2025-10-27 23:01:48'),
(454, 'Ipaba', 'MG', 1, '2025-10-27 23:01:48'),
(455, 'Ipanema', 'MG', 1, '2025-10-27 23:01:48'),
(456, 'Ipatinga', 'MG', 1, '2025-10-27 23:01:48'),
(457, 'Ipiaçu', 'MG', 1, '2025-10-27 23:01:48'),
(458, 'Ipuiúna', 'MG', 1, '2025-10-27 23:01:48'),
(459, 'Iraí de Minas', 'MG', 1, '2025-10-27 23:01:48'),
(460, 'Itabira', 'MG', 1, '2025-10-27 23:01:48'),
(461, 'Itabirinha', 'MG', 1, '2025-10-27 23:01:48'),
(462, 'Itabirito', 'MG', 1, '2025-10-27 23:01:48'),
(463, 'Itacambira', 'MG', 1, '2025-10-27 23:01:48'),
(464, 'Itacarambi', 'MG', 1, '2025-10-27 23:01:48'),
(465, 'Itaguara', 'MG', 1, '2025-10-27 23:01:48'),
(466, 'Itaipé', 'MG', 1, '2025-10-27 23:01:48'),
(467, 'Itajubá', 'MG', 1, '2025-10-27 23:01:48'),
(468, 'Itamarandiba', 'MG', 1, '2025-10-27 23:01:48'),
(469, 'Itamarati de Minas', 'MG', 1, '2025-10-27 23:01:48'),
(470, 'Itambacuri', 'MG', 1, '2025-10-27 23:01:48'),
(471, 'Itambé do Mato Dentro', 'MG', 1, '2025-10-27 23:01:48'),
(472, 'Itamogi', 'MG', 1, '2025-10-27 23:01:48'),
(473, 'Itamonte', 'MG', 1, '2025-10-27 23:01:48'),
(474, 'Itanhandu', 'MG', 1, '2025-10-27 23:01:48'),
(475, 'Itanhomi', 'MG', 1, '2025-10-27 23:01:48'),
(476, 'Itaobim', 'MG', 1, '2025-10-27 23:01:48'),
(477, 'Itapagipe', 'MG', 1, '2025-10-27 23:01:48'),
(478, 'Itapecerica', 'MG', 1, '2025-10-27 23:01:48'),
(479, 'Itapeva', 'MG', 1, '2025-10-27 23:01:48'),
(480, 'Itatiaiuçu', 'MG', 1, '2025-10-27 23:01:48'),
(481, 'Itaú de Minas', 'MG', 1, '2025-10-27 23:01:48'),
(482, 'Itaúna', 'MG', 1, '2025-10-27 23:01:48'),
(483, 'Itaverava', 'MG', 1, '2025-10-27 23:01:48'),
(484, 'Itinga', 'MG', 1, '2025-10-27 23:01:48'),
(485, 'Itueta', 'MG', 1, '2025-10-27 23:01:48'),
(486, 'Ituiutaba', 'MG', 1, '2025-10-27 23:01:48'),
(487, 'Itumirim', 'MG', 1, '2025-10-27 23:01:48'),
(488, 'Iturama', 'MG', 1, '2025-10-27 23:01:48'),
(489, 'Itutinga', 'MG', 1, '2025-10-27 23:01:48'),
(490, 'Jaboticatubas', 'MG', 1, '2025-10-27 23:01:48'),
(491, 'Jacinto', 'MG', 1, '2025-10-27 23:01:48'),
(492, 'Jacuí', 'MG', 1, '2025-10-27 23:01:48'),
(493, 'Jacutinga', 'MG', 1, '2025-10-27 23:01:48'),
(494, 'Jaguaraçu', 'MG', 1, '2025-10-27 23:01:48'),
(495, 'Jaíba', 'MG', 1, '2025-10-27 23:01:48'),
(496, 'Jampruca', 'MG', 1, '2025-10-27 23:01:48'),
(497, 'Janaúba', 'MG', 1, '2025-10-27 23:01:48'),
(498, 'Januária', 'MG', 1, '2025-10-27 23:01:48'),
(499, 'Japaraíba', 'MG', 1, '2025-10-27 23:01:48'),
(500, 'Japonvar', 'MG', 1, '2025-10-27 23:01:48'),
(501, 'Jeceaba', 'MG', 1, '2025-10-27 23:01:48'),
(502, 'Jenipapo de Minas', 'MG', 1, '2025-10-27 23:01:48'),
(503, 'Jequeri', 'MG', 1, '2025-10-27 23:01:48'),
(504, 'Jequitaí', 'MG', 1, '2025-10-27 23:01:48'),
(505, 'Jequitibá', 'MG', 1, '2025-10-27 23:01:48'),
(506, 'Jequitinhonha', 'MG', 1, '2025-10-27 23:01:48'),
(507, 'Jesuânia', 'MG', 1, '2025-10-27 23:01:48'),
(508, 'Joaíma', 'MG', 1, '2025-10-27 23:01:48'),
(509, 'Joanésia', 'MG', 1, '2025-10-27 23:01:48'),
(510, 'João Monlevade', 'MG', 1, '2025-10-27 23:01:48'),
(511, 'João Pinheiro', 'MG', 1, '2025-10-27 23:01:48'),
(512, 'Joaquim Felício', 'MG', 1, '2025-10-27 23:01:48'),
(513, 'Jordânia', 'MG', 1, '2025-10-27 23:01:48'),
(514, 'José Gonçalves de Minas', 'MG', 1, '2025-10-27 23:01:48'),
(515, 'José Raydan', 'MG', 1, '2025-10-27 23:01:48'),
(516, 'Josenópolis', 'MG', 1, '2025-10-27 23:01:48'),
(517, 'Juatuba', 'MG', 1, '2025-10-27 23:01:48'),
(518, 'Juiz de Fora', 'MG', 1, '2025-10-27 23:01:48'),
(519, 'Juramento', 'MG', 1, '2025-10-27 23:01:48'),
(520, 'Juruaia', 'MG', 1, '2025-10-27 23:01:48'),
(521, 'Juvenília', 'MG', 1, '2025-10-27 23:01:48'),
(522, 'Ladainha', 'MG', 1, '2025-10-27 23:01:48'),
(523, 'Lagamar', 'MG', 1, '2025-10-27 23:01:48'),
(524, 'Lagoa da Prata', 'MG', 1, '2025-10-27 23:01:48'),
(525, 'Lagoa dos Patos', 'MG', 1, '2025-10-27 23:01:48'),
(526, 'Lagoa Dourada', 'MG', 1, '2025-10-27 23:01:48'),
(527, 'Lagoa Formosa', 'MG', 1, '2025-10-27 23:01:48'),
(528, 'Lagoa Grande', 'MG', 1, '2025-10-27 23:01:48'),
(529, 'Lagoa Santa', 'MG', 1, '2025-10-27 23:01:48'),
(530, 'Lajinha', 'MG', 1, '2025-10-27 23:01:48'),
(531, 'Lambari', 'MG', 1, '2025-10-27 23:01:48'),
(532, 'Lamim', 'MG', 1, '2025-10-27 23:01:48'),
(533, 'Laranjal', 'MG', 1, '2025-10-27 23:01:48'),
(534, 'Lassance', 'MG', 1, '2025-10-27 23:01:48'),
(535, 'Lavras', 'MG', 1, '2025-10-27 23:01:48'),
(536, 'Leandro Ferreira', 'MG', 1, '2025-10-27 23:01:48'),
(537, 'Leme do Prado', 'MG', 1, '2025-10-27 23:01:48'),
(538, 'Leopoldina', 'MG', 1, '2025-10-27 23:01:48'),
(539, 'Liberdade', 'MG', 1, '2025-10-27 23:01:48'),
(540, 'Lima Duarte', 'MG', 1, '2025-10-27 23:01:48'),
(541, 'Limeira do Oeste', 'MG', 1, '2025-10-27 23:01:48'),
(542, 'Lontra', 'MG', 1, '2025-10-27 23:01:48'),
(543, 'Luisburgo', 'MG', 1, '2025-10-27 23:01:48'),
(544, 'Luislândia', 'MG', 1, '2025-10-27 23:01:48'),
(545, 'Luminárias', 'MG', 1, '2025-10-27 23:01:48'),
(546, 'Luz', 'MG', 1, '2025-10-27 23:01:48'),
(547, 'Machacalis', 'MG', 1, '2025-10-27 23:01:48'),
(548, 'Madre de Deus de Minas', 'MG', 1, '2025-10-27 23:01:48'),
(549, 'Malacacheta', 'MG', 1, '2025-10-27 23:01:48'),
(550, 'Mamonas', 'MG', 1, '2025-10-27 23:01:48'),
(551, 'Manga', 'MG', 1, '2025-10-27 23:01:48'),
(552, 'Manhuaçu', 'MG', 1, '2025-10-27 23:01:48'),
(553, 'Manhumirim', 'MG', 1, '2025-10-27 23:01:48'),
(554, 'Mantena', 'MG', 1, '2025-10-27 23:01:48'),
(555, 'Mar de Espanha', 'MG', 1, '2025-10-27 23:01:48'),
(556, 'Maravilhas', 'MG', 1, '2025-10-27 23:01:48'),
(557, 'Maria da Fé', 'MG', 1, '2025-10-27 23:01:48'),
(558, 'Mariana', 'MG', 1, '2025-10-27 23:01:48'),
(559, 'Marilac', 'MG', 1, '2025-10-27 23:01:48'),
(560, 'Mário Campos', 'MG', 1, '2025-10-27 23:01:48'),
(561, 'Maripá de Minas', 'MG', 1, '2025-10-27 23:01:48'),
(562, 'Marliéria', 'MG', 1, '2025-10-27 23:01:48'),
(563, 'Marmelópolis', 'MG', 1, '2025-10-27 23:01:48'),
(564, 'Martinho Campos', 'MG', 1, '2025-10-27 23:01:48'),
(565, 'Martins Soares', 'MG', 1, '2025-10-27 23:01:48'),
(566, 'Mata Verde', 'MG', 1, '2025-10-27 23:01:48'),
(567, 'Materlândia', 'MG', 1, '2025-10-27 23:01:48'),
(568, 'Mateus Leme', 'MG', 1, '2025-10-27 23:01:48'),
(569, 'Mathias Lobato', 'MG', 1, '2025-10-27 23:01:48'),
(570, 'Matias Barbosa', 'MG', 1, '2025-10-27 23:01:48'),
(571, 'Matias Cardoso', 'MG', 1, '2025-10-27 23:01:48'),
(572, 'Matipó', 'MG', 1, '2025-10-27 23:01:48'),
(573, 'Mato Verde', 'MG', 1, '2025-10-27 23:01:48'),
(574, 'Matozinhos', 'MG', 1, '2025-10-27 23:01:48'),
(575, 'Matutina', 'MG', 1, '2025-10-27 23:01:48'),
(576, 'Medeiros', 'MG', 1, '2025-10-27 23:01:48'),
(577, 'Medina', 'MG', 1, '2025-10-27 23:01:48'),
(578, 'Mendes Pimentel', 'MG', 1, '2025-10-27 23:01:48'),
(579, 'Mercês', 'MG', 1, '2025-10-27 23:01:48'),
(580, 'Mesquita', 'MG', 1, '2025-10-27 23:01:48'),
(581, 'Minas Novas', 'MG', 1, '2025-10-27 23:01:48'),
(582, 'Minduri', 'MG', 1, '2025-10-27 23:01:48'),
(583, 'Mirabela', 'MG', 1, '2025-10-27 23:01:48'),
(584, 'Miradouro', 'MG', 1, '2025-10-27 23:01:48'),
(585, 'Miraí', 'MG', 1, '2025-10-27 23:01:48'),
(586, 'Miravânia', 'MG', 1, '2025-10-27 23:01:48'),
(587, 'Moeda', 'MG', 1, '2025-10-27 23:01:48'),
(588, 'Moema', 'MG', 1, '2025-10-27 23:01:48'),
(589, 'Monjolos', 'MG', 1, '2025-10-27 23:01:48'),
(590, 'Monsenhor Paulo', 'MG', 1, '2025-10-27 23:01:48'),
(591, 'Montalvânia', 'MG', 1, '2025-10-27 23:01:48'),
(592, 'Monte Alegre de Minas', 'MG', 1, '2025-10-27 23:01:48'),
(593, 'Monte Azul', 'MG', 1, '2025-10-27 23:01:48'),
(594, 'Monte Belo', 'MG', 1, '2025-10-27 23:01:48'),
(595, 'Monte Carmelo', 'MG', 1, '2025-10-27 23:01:48'),
(596, 'Monte Formoso', 'MG', 1, '2025-10-27 23:01:48'),
(597, 'Monte Santo de Minas', 'MG', 1, '2025-10-27 23:01:48'),
(598, 'Monte Sião', 'MG', 1, '2025-10-27 23:01:48'),
(599, 'Montes Claros', 'MG', 1, '2025-10-27 23:01:48'),
(600, 'Montezuma', 'MG', 1, '2025-10-27 23:01:48'),
(601, 'Morada Nova de Minas', 'MG', 1, '2025-10-27 23:01:48'),
(602, 'Morro da Garça', 'MG', 1, '2025-10-27 23:01:48'),
(603, 'Morro do Pilar', 'MG', 1, '2025-10-27 23:01:48'),
(604, 'Munhoz', 'MG', 1, '2025-10-27 23:01:48'),
(605, 'Muriaé', 'MG', 1, '2025-10-27 23:01:48'),
(606, 'Mutum', 'MG', 1, '2025-10-27 23:01:48'),
(607, 'Muzambinho', 'MG', 1, '2025-10-27 23:01:48'),
(608, 'Nacip Raydan', 'MG', 1, '2025-10-27 23:01:48'),
(609, 'Nanuque', 'MG', 1, '2025-10-27 23:01:48'),
(610, 'Naque', 'MG', 1, '2025-10-27 23:01:48'),
(611, 'Natalândia', 'MG', 1, '2025-10-27 23:01:48'),
(612, 'Natércia', 'MG', 1, '2025-10-27 23:01:48'),
(613, 'Nazareno', 'MG', 1, '2025-10-27 23:01:48'),
(614, 'Nepomuceno', 'MG', 1, '2025-10-27 23:01:48'),
(615, 'Ninheira', 'MG', 1, '2025-10-27 23:01:48'),
(616, 'Nova Belém', 'MG', 1, '2025-10-27 23:01:48'),
(617, 'Nova Era', 'MG', 1, '2025-10-27 23:01:48'),
(618, 'Nova Lima', 'MG', 1, '2025-10-27 23:01:48'),
(619, 'Nova Módica', 'MG', 1, '2025-10-27 23:01:48'),
(620, 'Nova Ponte', 'MG', 1, '2025-10-27 23:01:48'),
(621, 'Nova Porteirinha', 'MG', 1, '2025-10-27 23:01:48'),
(622, 'Nova Resende', 'MG', 1, '2025-10-27 23:01:48'),
(623, 'Nova Serrana', 'MG', 1, '2025-10-27 23:01:48'),
(624, 'Nova União', 'MG', 1, '2025-10-27 23:01:48'),
(625, 'Novo Cruzeiro', 'MG', 1, '2025-10-27 23:01:48'),
(626, 'Novo Oriente de Minas', 'MG', 1, '2025-10-27 23:01:48'),
(627, 'Novorizonte', 'MG', 1, '2025-10-27 23:01:48'),
(628, 'Olaria', 'MG', 1, '2025-10-27 23:01:48'),
(629, 'Olhos-da Água', 'MG', 1, '2025-10-27 23:01:48'),
(630, 'Olímpio Noronha', 'MG', 1, '2025-10-27 23:01:48'),
(631, 'Oliveira', 'MG', 1, '2025-10-27 23:01:48'),
(632, 'Oliveira Fortes', 'MG', 1, '2025-10-27 23:01:48'),
(633, 'Onça de Pitangui', 'MG', 1, '2025-10-27 23:01:48'),
(634, 'Oratórios', 'MG', 1, '2025-10-27 23:01:48'),
(635, 'Orizânia', 'MG', 1, '2025-10-27 23:01:48'),
(636, 'Ouro Branco', 'MG', 1, '2025-10-27 23:01:48'),
(637, 'Ouro Fino', 'MG', 1, '2025-10-27 23:01:48'),
(638, 'Ouro Preto', 'MG', 1, '2025-10-27 23:01:48'),
(639, 'Ouro Verde de Minas', 'MG', 1, '2025-10-27 23:01:48'),
(640, 'Padre Carvalho', 'MG', 1, '2025-10-27 23:01:48'),
(641, 'Padre Paraíso', 'MG', 1, '2025-10-27 23:01:48'),
(642, 'Pai Pedro', 'MG', 1, '2025-10-27 23:01:48'),
(643, 'Paineiras', 'MG', 1, '2025-10-27 23:01:48'),
(644, 'Pains', 'MG', 1, '2025-10-27 23:01:48'),
(645, 'Paiva', 'MG', 1, '2025-10-27 23:01:48'),
(646, 'Palma', 'MG', 1, '2025-10-27 23:01:48'),
(647, 'Palmópolis', 'MG', 1, '2025-10-27 23:01:48'),
(648, 'Papagaios', 'MG', 1, '2025-10-27 23:01:48'),
(649, 'Pará de Minas', 'MG', 1, '2025-10-27 23:01:48'),
(650, 'Paracatu', 'MG', 1, '2025-10-27 23:01:48'),
(651, 'Paraguaçu', 'MG', 1, '2025-10-27 23:01:48'),
(652, 'Paraisópolis', 'MG', 1, '2025-10-27 23:01:48'),
(653, 'Paraopeba', 'MG', 1, '2025-10-27 23:01:48'),
(654, 'Passa Quatro', 'MG', 1, '2025-10-27 23:01:48'),
(655, 'Passa Tempo', 'MG', 1, '2025-10-27 23:01:48'),
(656, 'Passa Vinte', 'MG', 1, '2025-10-27 23:01:48'),
(657, 'Passabém', 'MG', 1, '2025-10-27 23:01:48'),
(658, 'Passos', 'MG', 1, '2025-10-27 23:01:48'),
(659, 'Patis', 'MG', 1, '2025-10-27 23:01:48'),
(660, 'Patos de Minas', 'MG', 1, '2025-10-27 23:01:48'),
(661, 'Patrocínio', 'MG', 1, '2025-10-27 23:01:48'),
(662, 'Patrocínio do Muriaé', 'MG', 1, '2025-10-27 23:01:48'),
(663, 'Paula Cândido', 'MG', 1, '2025-10-27 23:01:48'),
(664, 'Paulistas', 'MG', 1, '2025-10-27 23:01:48'),
(665, 'Pavão', 'MG', 1, '2025-10-27 23:01:48'),
(666, 'Peçanha', 'MG', 1, '2025-10-27 23:01:48'),
(667, 'Pedra Azul', 'MG', 1, '2025-10-27 23:01:48'),
(668, 'Pedra Bonita', 'MG', 1, '2025-10-27 23:01:48'),
(669, 'Pedra do Anta', 'MG', 1, '2025-10-27 23:01:48'),
(670, 'Pedra do Indaiá', 'MG', 1, '2025-10-27 23:01:48'),
(671, 'Pedra Dourada', 'MG', 1, '2025-10-27 23:01:48'),
(672, 'Pedralva', 'MG', 1, '2025-10-27 23:01:48'),
(673, 'Pedras de Maria da Cruz', 'MG', 1, '2025-10-27 23:01:48'),
(674, 'Pedrinópolis', 'MG', 1, '2025-10-27 23:01:48'),
(675, 'Pedro Leopoldo', 'MG', 1, '2025-10-27 23:01:48'),
(676, 'Pedro Teixeira', 'MG', 1, '2025-10-27 23:01:48'),
(677, 'Pequeri', 'MG', 1, '2025-10-27 23:01:48'),
(678, 'Pequi', 'MG', 1, '2025-10-27 23:01:48'),
(679, 'Perdigão', 'MG', 1, '2025-10-27 23:01:48'),
(680, 'Perdizes', 'MG', 1, '2025-10-27 23:01:48'),
(681, 'Perdões', 'MG', 1, '2025-10-27 23:01:48'),
(682, 'Periquito', 'MG', 1, '2025-10-27 23:01:48'),
(683, 'Pescador', 'MG', 1, '2025-10-27 23:01:48'),
(684, 'Piau', 'MG', 1, '2025-10-27 23:01:48'),
(685, 'Piedade de Caratinga', 'MG', 1, '2025-10-27 23:01:48'),
(686, 'Piedade de Ponte Nova', 'MG', 1, '2025-10-27 23:01:48'),
(687, 'Piedade do Rio Grande', 'MG', 1, '2025-10-27 23:01:48'),
(688, 'Piedade dos Gerais', 'MG', 1, '2025-10-27 23:01:48'),
(689, 'Pimenta', 'MG', 1, '2025-10-27 23:01:48'),
(690, 'Pingo-d\'Água', 'MG', 1, '2025-10-27 23:01:48'),
(691, 'Pintópolis', 'MG', 1, '2025-10-27 23:01:48'),
(692, 'Piracema', 'MG', 1, '2025-10-27 23:01:48'),
(693, 'Pirajuba', 'MG', 1, '2025-10-27 23:01:48'),
(694, 'Piranga', 'MG', 1, '2025-10-27 23:01:48'),
(695, 'Piranguçu', 'MG', 1, '2025-10-27 23:01:48'),
(696, 'Piranguinho', 'MG', 1, '2025-10-27 23:01:48'),
(697, 'Pirapetinga', 'MG', 1, '2025-10-27 23:01:48'),
(698, 'Pirapora', 'MG', 1, '2025-10-27 23:01:48'),
(699, 'Piraúba', 'MG', 1, '2025-10-27 23:01:48'),
(700, 'Pitangui', 'MG', 1, '2025-10-27 23:01:48'),
(701, 'Piumhi', 'MG', 1, '2025-10-27 23:01:48'),
(702, 'Planura', 'MG', 1, '2025-10-27 23:01:48'),
(703, 'Poço Fundo', 'MG', 1, '2025-10-27 23:01:48'),
(704, 'Poços de Caldas', 'MG', 1, '2025-10-27 23:01:48'),
(705, 'Pocrane', 'MG', 1, '2025-10-27 23:01:48'),
(706, 'Pompéu', 'MG', 1, '2025-10-27 23:01:48'),
(707, 'Ponte Nova', 'MG', 1, '2025-10-27 23:01:48'),
(708, 'Ponto Chique', 'MG', 1, '2025-10-27 23:01:48'),
(709, 'Ponto dos Volantes', 'MG', 1, '2025-10-27 23:01:48'),
(710, 'Porteirinha', 'MG', 1, '2025-10-27 23:01:48'),
(711, 'Porto Firme', 'MG', 1, '2025-10-27 23:01:48'),
(712, 'Poté', 'MG', 1, '2025-10-27 23:01:48'),
(713, 'Pouso Alegre', 'MG', 1, '2025-10-27 23:01:48'),
(714, 'Pouso Alto', 'MG', 1, '2025-10-27 23:01:48'),
(715, 'Prados', 'MG', 1, '2025-10-27 23:01:48'),
(716, 'Prata', 'MG', 1, '2025-10-27 23:01:48'),
(717, 'Pratápolis', 'MG', 1, '2025-10-27 23:01:48'),
(718, 'Pratinha', 'MG', 1, '2025-10-27 23:01:48'),
(719, 'Presidente Bernardes', 'MG', 1, '2025-10-27 23:01:48'),
(720, 'Presidente Juscelino', 'MG', 1, '2025-10-27 23:01:48'),
(721, 'Presidente Kubitschek', 'MG', 1, '2025-10-27 23:01:48'),
(722, 'Presidente Olegário', 'MG', 1, '2025-10-27 23:01:48'),
(723, 'Prudente de Morais', 'MG', 1, '2025-10-27 23:01:48'),
(724, 'Quartel Geral', 'MG', 1, '2025-10-27 23:01:48'),
(725, 'Queluzito', 'MG', 1, '2025-10-27 23:01:48'),
(726, 'Raposos', 'MG', 1, '2025-10-27 23:01:48'),
(727, 'Raul Soares', 'MG', 1, '2025-10-27 23:01:48'),
(728, 'Recreio', 'MG', 1, '2025-10-27 23:01:48'),
(729, 'Reduto', 'MG', 1, '2025-10-27 23:01:48'),
(730, 'Resende Costa', 'MG', 1, '2025-10-27 23:01:48'),
(731, 'Resplendor', 'MG', 1, '2025-10-27 23:01:48'),
(732, 'Ressaquinha', 'MG', 1, '2025-10-27 23:01:48'),
(733, 'Riachinho', 'MG', 1, '2025-10-27 23:01:48'),
(734, 'Riacho dos Machados', 'MG', 1, '2025-10-27 23:01:48'),
(735, 'Ribeirão das Neves', 'MG', 1, '2025-10-27 23:01:48'),
(736, 'Ribeirão Vermelho', 'MG', 1, '2025-10-27 23:01:48'),
(737, 'Rio Acima', 'MG', 1, '2025-10-27 23:01:48'),
(738, 'Rio Casca', 'MG', 1, '2025-10-27 23:01:48'),
(739, 'Rio do Prado', 'MG', 1, '2025-10-27 23:01:48'),
(740, 'Rio Doce', 'MG', 1, '2025-10-27 23:01:48'),
(741, 'Rio Espera', 'MG', 1, '2025-10-27 23:01:48'),
(742, 'Rio Manso', 'MG', 1, '2025-10-27 23:01:48'),
(743, 'Rio Novo', 'MG', 1, '2025-10-27 23:01:48'),
(744, 'Rio Paranaíba', 'MG', 1, '2025-10-27 23:01:48'),
(745, 'Rio Pardo de Minas', 'MG', 1, '2025-10-27 23:01:48'),
(746, 'Rio Piracicaba', 'MG', 1, '2025-10-27 23:01:48'),
(747, 'Rio Pomba', 'MG', 1, '2025-10-27 23:01:48'),
(748, 'Rio Preto', 'MG', 1, '2025-10-27 23:01:48'),
(749, 'Rio Vermelho', 'MG', 1, '2025-10-27 23:01:48'),
(750, 'Ritápolis', 'MG', 1, '2025-10-27 23:01:48'),
(751, 'Rochedo de Minas', 'MG', 1, '2025-10-27 23:01:48'),
(752, 'Rodeiro', 'MG', 1, '2025-10-27 23:01:48'),
(753, 'Romaria', 'MG', 1, '2025-10-27 23:01:48'),
(754, 'Rosário da Limeira', 'MG', 1, '2025-10-27 23:01:48'),
(755, 'Rubelita', 'MG', 1, '2025-10-27 23:01:48'),
(756, 'Rubim', 'MG', 1, '2025-10-27 23:01:48'),
(757, 'Sabará', 'MG', 1, '2025-10-27 23:01:48'),
(758, 'Sabinópolis', 'MG', 1, '2025-10-27 23:01:48'),
(759, 'Sacramento', 'MG', 1, '2025-10-27 23:01:48'),
(760, 'Salinas', 'MG', 1, '2025-10-27 23:01:48'),
(761, 'Salto da Divisa', 'MG', 1, '2025-10-27 23:01:48'),
(762, 'Santa Bárbara', 'MG', 1, '2025-10-27 23:01:48'),
(763, 'Santa Bárbara do Leste', 'MG', 1, '2025-10-27 23:01:48'),
(764, 'Santa Bárbara do Monte Verde', 'MG', 1, '2025-10-27 23:01:48'),
(765, 'Santa Bárbara do Tugúrio', 'MG', 1, '2025-10-27 23:01:48'),
(766, 'Santa Cruz de Minas', 'MG', 1, '2025-10-27 23:01:48'),
(767, 'Santa Cruz de Salinas', 'MG', 1, '2025-10-27 23:01:48'),
(768, 'Santa Cruz do Escalvado', 'MG', 1, '2025-10-27 23:01:48'),
(769, 'Santa Efigênia de Minas', 'MG', 1, '2025-10-27 23:01:48'),
(770, 'Santa Fé de Minas', 'MG', 1, '2025-10-27 23:01:48'),
(771, 'Santa Helena de Minas', 'MG', 1, '2025-10-27 23:01:48'),
(772, 'Santa Juliana', 'MG', 1, '2025-10-27 23:01:48'),
(773, 'Santa Luzia', 'MG', 1, '2025-10-27 23:01:48'),
(774, 'Santa Margarida', 'MG', 1, '2025-10-27 23:01:48'),
(775, 'Santa Maria de Itabira', 'MG', 1, '2025-10-27 23:01:48'),
(776, 'Santa Maria do Salto', 'MG', 1, '2025-10-27 23:01:48'),
(777, 'Santa Maria do Suaçuí', 'MG', 1, '2025-10-27 23:01:48'),
(778, 'Santa Rita de Caldas', 'MG', 1, '2025-10-27 23:01:48'),
(779, 'Santa Rita de Ibitipoca', 'MG', 1, '2025-10-27 23:01:48'),
(780, 'Santa Rita de Jacutinga', 'MG', 1, '2025-10-27 23:01:48'),
(781, 'Santa Rita de Minas', 'MG', 1, '2025-10-27 23:01:48'),
(782, 'Santa Rita do Itueto', 'MG', 1, '2025-10-27 23:01:48'),
(783, 'Santa Rita do Sapucaí', 'MG', 1, '2025-10-27 23:01:48'),
(784, 'Santa Rosa da Serra', 'MG', 1, '2025-10-27 23:01:48'),
(785, 'Santa Vitória', 'MG', 1, '2025-10-27 23:01:48'),
(786, 'Santana da Vargem', 'MG', 1, '2025-10-27 23:01:48'),
(787, 'Santana de Cataguases', 'MG', 1, '2025-10-27 23:01:48'),
(788, 'Santana de Pirapama', 'MG', 1, '2025-10-27 23:01:48'),
(789, 'Santana do Deserto', 'MG', 1, '2025-10-27 23:01:48'),
(790, 'Santana do Garambéu', 'MG', 1, '2025-10-27 23:01:48'),
(791, 'Santana do Jacaré', 'MG', 1, '2025-10-27 23:01:48'),
(792, 'Santana do Manhuaçu', 'MG', 1, '2025-10-27 23:01:48'),
(793, 'Santana do Paraíso', 'MG', 1, '2025-10-27 23:01:48'),
(794, 'Santana do Riacho', 'MG', 1, '2025-10-27 23:01:48'),
(795, 'Santana dos Montes', 'MG', 1, '2025-10-27 23:01:48'),
(796, 'Santo Antônio do Amparo', 'MG', 1, '2025-10-27 23:01:48'),
(797, 'Santo Antônio do Aventureiro', 'MG', 1, '2025-10-27 23:01:48'),
(798, 'Santo Antônio do Grama', 'MG', 1, '2025-10-27 23:01:48'),
(799, 'Santo Antônio do Itambé', 'MG', 1, '2025-10-27 23:01:48'),
(800, 'Santo Antônio do Jacinto', 'MG', 1, '2025-10-27 23:01:48'),
(801, 'Santo Antônio do Monte', 'MG', 1, '2025-10-27 23:01:48'),
(802, 'Santo Antônio do Retiro', 'MG', 1, '2025-10-27 23:01:48'),
(803, 'Santo Antônio do Rio Abaixo', 'MG', 1, '2025-10-27 23:01:48'),
(804, 'Santo Hipólito', 'MG', 1, '2025-10-27 23:01:48'),
(805, 'Santos Dumont', 'MG', 1, '2025-10-27 23:01:48'),
(806, 'São Bento Abade', 'MG', 1, '2025-10-27 23:01:48'),
(807, 'São Brás do Suaçuí', 'MG', 1, '2025-10-27 23:01:48'),
(808, 'São Domingos das Dores', 'MG', 1, '2025-10-27 23:01:48'),
(809, 'São Domingos do Prata', 'MG', 1, '2025-10-27 23:01:48'),
(810, 'São Félix de Minas', 'MG', 1, '2025-10-27 23:01:48'),
(811, 'São Francisco', 'MG', 1, '2025-10-27 23:01:48'),
(812, 'São Francisco de Paula', 'MG', 1, '2025-10-27 23:01:48'),
(813, 'São Francisco de Sales', 'MG', 1, '2025-10-27 23:01:48'),
(814, 'São Francisco do Glória', 'MG', 1, '2025-10-27 23:01:48'),
(815, 'São Geraldo', 'MG', 1, '2025-10-27 23:01:48'),
(816, 'São Geraldo da Piedade', 'MG', 1, '2025-10-27 23:01:48'),
(817, 'São Geraldo do Baixio', 'MG', 1, '2025-10-27 23:01:48'),
(818, 'São Gonçalo do Abaeté', 'MG', 1, '2025-10-27 23:01:48'),
(819, 'São Gonçalo do Pará', 'MG', 1, '2025-10-27 23:01:48'),
(820, 'São Gonçalo do Rio Abaixo', 'MG', 1, '2025-10-27 23:01:48'),
(821, 'São Gonçalo do Rio Preto', 'MG', 1, '2025-10-27 23:01:48'),
(822, 'São Gonçalo do Sapucaí', 'MG', 1, '2025-10-27 23:01:48'),
(823, 'São Gotardo', 'MG', 1, '2025-10-27 23:01:48'),
(824, 'São João Batista do Glória', 'MG', 1, '2025-10-27 23:01:48'),
(825, 'São João da Lagoa', 'MG', 1, '2025-10-27 23:01:48'),
(826, 'São João da Mata', 'MG', 1, '2025-10-27 23:01:48'),
(827, 'São João da Ponte', 'MG', 1, '2025-10-27 23:01:48'),
(828, 'São João das Missões', 'MG', 1, '2025-10-27 23:01:48'),
(829, 'São João del Rei', 'MG', 1, '2025-10-27 23:01:48'),
(830, 'São João do Manhuaçu', 'MG', 1, '2025-10-27 23:01:48'),
(831, 'São João do Manteninha', 'MG', 1, '2025-10-27 23:01:48'),
(832, 'São João do Oriente', 'MG', 1, '2025-10-27 23:01:48'),
(833, 'São João do Pacuí', 'MG', 1, '2025-10-27 23:01:48'),
(834, 'São João do Paraíso', 'MG', 1, '2025-10-27 23:01:48'),
(835, 'São João Evangelista', 'MG', 1, '2025-10-27 23:01:48'),
(836, 'São João Nepomuceno', 'MG', 1, '2025-10-27 23:01:48'),
(837, 'São Joaquim de Bicas', 'MG', 1, '2025-10-27 23:01:48'),
(838, 'São José da Barra', 'MG', 1, '2025-10-27 23:01:48'),
(839, 'São José da Lapa', 'MG', 1, '2025-10-27 23:01:48'),
(840, 'São José da Safira', 'MG', 1, '2025-10-27 23:01:48'),
(841, 'São José da Varginha', 'MG', 1, '2025-10-27 23:01:48'),
(842, 'São José do Alegre', 'MG', 1, '2025-10-27 23:01:48'),
(843, 'São José do Divino', 'MG', 1, '2025-10-27 23:01:48'),
(844, 'São José do Goiabal', 'MG', 1, '2025-10-27 23:01:48'),
(845, 'São José do Jacuri', 'MG', 1, '2025-10-27 23:01:48'),
(846, 'São José do Mantimento', 'MG', 1, '2025-10-27 23:01:48'),
(847, 'São Lourenço', 'MG', 1, '2025-10-27 23:01:48'),
(848, 'São Miguel do Anta', 'MG', 1, '2025-10-27 23:01:48'),
(849, 'São Pedro da União', 'MG', 1, '2025-10-27 23:01:48'),
(850, 'São Pedro do Suaçuí', 'MG', 1, '2025-10-27 23:01:48'),
(851, 'São Pedro dos Ferros', 'MG', 1, '2025-10-27 23:01:48'),
(852, 'São Romão', 'MG', 1, '2025-10-27 23:01:48'),
(853, 'São Roque de Minas', 'MG', 1, '2025-10-27 23:01:48'),
(854, 'São Sebastião da Bela Vista', 'MG', 1, '2025-10-27 23:01:48'),
(855, 'São Sebastião da Vargem Alegre', 'MG', 1, '2025-10-27 23:01:48'),
(856, 'São Sebastião do Anta', 'MG', 1, '2025-10-27 23:01:48'),
(857, 'São Sebastião do Maranhão', 'MG', 1, '2025-10-27 23:01:48'),
(858, 'São Sebastião do Oeste', 'MG', 1, '2025-10-27 23:01:48'),
(859, 'São Sebastião do Paraíso', 'MG', 1, '2025-10-27 23:01:48'),
(860, 'São Sebastião do Rio Preto', 'MG', 1, '2025-10-27 23:01:48'),
(861, 'São Sebastião do Rio Verde', 'MG', 1, '2025-10-27 23:01:48'),
(862, 'São Thomé das Letras', 'MG', 1, '2025-10-27 23:01:48'),
(863, 'São Tiago', 'MG', 1, '2025-10-27 23:01:48'),
(864, 'São Tomás de Aquino', 'MG', 1, '2025-10-27 23:01:48'),
(865, 'São Vicente de Minas', 'MG', 1, '2025-10-27 23:01:48'),
(866, 'Sapucaí-Mirim', 'MG', 1, '2025-10-27 23:01:48'),
(867, 'Sardoá', 'MG', 1, '2025-10-27 23:01:48'),
(868, 'Sarzedo', 'MG', 1, '2025-10-27 23:01:48'),
(869, 'Sem-Peixe', 'MG', 1, '2025-10-27 23:01:48'),
(870, 'Senador Amaral', 'MG', 1, '2025-10-27 23:01:48'),
(871, 'Senador Cortes', 'MG', 1, '2025-10-27 23:01:48'),
(872, 'Senador Firmino', 'MG', 1, '2025-10-27 23:01:48'),
(873, 'Senador José Bento', 'MG', 1, '2025-10-27 23:01:48'),
(874, 'Senador Modestino Gonçalves', 'MG', 1, '2025-10-27 23:01:48'),
(875, 'Senhora de Oliveira', 'MG', 1, '2025-10-27 23:01:48'),
(876, 'Senhora do Porto', 'MG', 1, '2025-10-27 23:01:48'),
(877, 'Senhora dos Remédios', 'MG', 1, '2025-10-27 23:01:48'),
(878, 'Sericita', 'MG', 1, '2025-10-27 23:01:48'),
(879, 'Seritinga', 'MG', 1, '2025-10-27 23:01:48'),
(880, 'Serra Azul de Minas', 'MG', 1, '2025-10-27 23:01:48'),
(881, 'Serra da Saudade', 'MG', 1, '2025-10-27 23:01:48'),
(882, 'Serra do Salitre', 'MG', 1, '2025-10-27 23:01:48'),
(883, 'Serra dos Aimorés', 'MG', 1, '2025-10-27 23:01:48'),
(884, 'Serrania', 'MG', 1, '2025-10-27 23:01:48'),
(885, 'Serranópolis de Minas', 'MG', 1, '2025-10-27 23:01:48'),
(886, 'Serranos', 'MG', 1, '2025-10-27 23:01:48'),
(887, 'Serro', 'MG', 1, '2025-10-27 23:01:48'),
(888, 'Sete Lagoas', 'MG', 1, '2025-10-27 23:01:48'),
(889, 'Setubinha', 'MG', 1, '2025-10-27 23:01:48'),
(890, 'Silveirânia', 'MG', 1, '2025-10-27 23:01:48'),
(891, 'Silvianópolis', 'MG', 1, '2025-10-27 23:01:48'),
(892, 'Simão Pereira', 'MG', 1, '2025-10-27 23:01:48'),
(893, 'Simonésia', 'MG', 1, '2025-10-27 23:01:48'),
(894, 'Sobrália', 'MG', 1, '2025-10-27 23:01:48'),
(895, 'Soledade de Minas', 'MG', 1, '2025-10-27 23:01:48'),
(896, 'Tabuleiro', 'MG', 1, '2025-10-27 23:01:48'),
(897, 'Taiobeiras', 'MG', 1, '2025-10-27 23:01:48'),
(898, 'Taparuba', 'MG', 1, '2025-10-27 23:01:48'),
(899, 'Tapira', 'MG', 1, '2025-10-27 23:01:48'),
(900, 'Tapiraí', 'MG', 1, '2025-10-27 23:01:48'),
(901, 'Taquaraçu de Minas', 'MG', 1, '2025-10-27 23:01:48'),
(902, 'Tarumirim', 'MG', 1, '2025-10-27 23:01:48'),
(903, 'Teixeiras', 'MG', 1, '2025-10-27 23:01:48'),
(904, 'Teófilo Otoni', 'MG', 1, '2025-10-27 23:01:48'),
(905, 'Timóteo', 'MG', 1, '2025-10-27 23:01:48'),
(906, 'Tiradentes', 'MG', 1, '2025-10-27 23:01:48'),
(907, 'Tiros', 'MG', 1, '2025-10-27 23:01:48'),
(908, 'Tocantins', 'MG', 1, '2025-10-27 23:01:48'),
(909, 'Tocos do Moji', 'MG', 1, '2025-10-27 23:01:48'),
(910, 'Toledo', 'MG', 1, '2025-10-27 23:01:48'),
(911, 'Tombos', 'MG', 1, '2025-10-27 23:01:48'),
(912, 'Três Corações', 'MG', 1, '2025-10-27 23:01:48'),
(913, 'Três Marias', 'MG', 1, '2025-10-27 23:01:48'),
(914, 'Três Pontas', 'MG', 1, '2025-10-27 23:01:48'),
(915, 'Tumiritinga', 'MG', 1, '2025-10-27 23:01:48'),
(916, 'Tupaciguara', 'MG', 1, '2025-10-27 23:01:48'),
(917, 'Turmalina', 'MG', 1, '2025-10-27 23:01:48'),
(918, 'Turvolândia', 'MG', 1, '2025-10-27 23:01:48'),
(919, 'Ubá', 'MG', 1, '2025-10-27 23:01:48'),
(920, 'Ubaí', 'MG', 1, '2025-10-27 23:01:48'),
(921, 'Ubaporanga', 'MG', 1, '2025-10-27 23:01:48'),
(922, 'Uberaba', 'MG', 1, '2025-10-27 23:01:48'),
(923, 'Uberlândia', 'MG', 1, '2025-10-27 23:01:48'),
(924, 'Umburatiba', 'MG', 1, '2025-10-27 23:01:48'),
(925, 'Unaí', 'MG', 1, '2025-10-27 23:01:48'),
(926, 'União de Minas', 'MG', 1, '2025-10-27 23:01:48'),
(927, 'Uruana de Minas', 'MG', 1, '2025-10-27 23:01:48'),
(928, 'Urucânia', 'MG', 1, '2025-10-27 23:01:48'),
(929, 'Urucuia', 'MG', 1, '2025-10-27 23:01:48'),
(930, 'Vargem Alegre', 'MG', 1, '2025-10-27 23:01:48'),
(931, 'Vargem Bonita', 'MG', 1, '2025-10-27 23:01:48'),
(932, 'Vargem Grande do Rio Pardo', 'MG', 1, '2025-10-27 23:01:48'),
(933, 'Varginha', 'MG', 1, '2025-10-27 23:01:48'),
(934, 'Varjão de Minas', 'MG', 1, '2025-10-27 23:01:48'),
(935, 'Várzea da Palma', 'MG', 1, '2025-10-27 23:01:48'),
(936, 'Varzelândia', 'MG', 1, '2025-10-27 23:01:48'),
(937, 'Vazante', 'MG', 1, '2025-10-27 23:01:48'),
(938, 'Verdelândia', 'MG', 1, '2025-10-27 23:01:48'),
(939, 'Veredinha', 'MG', 1, '2025-10-27 23:01:48'),
(940, 'Veríssimo', 'MG', 1, '2025-10-27 23:01:48'),
(941, 'Vermelho Novo', 'MG', 1, '2025-10-27 23:01:48'),
(942, 'Vespasiano', 'MG', 1, '2025-10-27 23:01:48'),
(943, 'Viçosa', 'MG', 1, '2025-10-27 23:01:48'),
(944, 'Vieiras', 'MG', 1, '2025-10-27 23:01:48'),
(945, 'Virgem da Lapa', 'MG', 1, '2025-10-27 23:01:48'),
(946, 'Virgínia', 'MG', 1, '2025-10-27 23:01:48'),
(947, 'Virginópolis', 'MG', 1, '2025-10-27 23:01:48'),
(948, 'Virgolândia', 'MG', 1, '2025-10-27 23:01:48'),
(949, 'Visconde do Rio Branco', 'MG', 1, '2025-10-27 23:01:48'),
(950, 'Volta Grande', 'MG', 1, '2025-10-27 23:01:48'),
(951, 'Wenceslau Braz', 'MG', 1, '2025-10-27 23:01:48'),
(952, 'Zacarias', 'MG', 1, '2025-10-27 23:01:48');

-- --------------------------------------------------------

--
-- Estrutura para tabela `mensagens`
--

CREATE TABLE `mensagens` (
  `id_mensagem` int(11) NOT NULL,
  `id_remetente` int(11) NOT NULL,
  `id_destinatario` int(11) NOT NULL,
  `id_orcamento` int(11) DEFAULT NULL,
  `mensagem` text NOT NULL,
  `data_envio` timestamp NOT NULL DEFAULT current_timestamp(),
  `lida` tinyint(1) DEFAULT 0
) ENGINE=InnoDB DEFAULT CHARSET=utf8mb4 COLLATE=utf8mb4_general_ci;

--
-- Despejando dados para a tabela `mensagens`
--

INSERT INTO `mensagens` (`id_mensagem`, `id_remetente`, `id_destinatario`, `id_orcamento`, `mensagem`, `data_envio`, `lida`) VALUES
(1, 5, 1, 1, 'Olá! Gostaria de saber mais detalhes sobre o logotipo.', '2025-07-19 13:22:51', 1),
(2, 1, 5, 1, 'Claro! Posso criar um logotipo moderno e profissional para sua empresa.', '2025-07-19 13:22:51', 1),
(3, 5, 1, 1, 'Perfeito! Quando podemos começar?', '2025-07-19 13:22:51', 0);

-- --------------------------------------------------------

--
-- Estrutura para tabela `notificacoes`
--

CREATE TABLE `notificacoes` (
  `id_notificacao` int(11) NOT NULL,
  `id_usuario_destino` int(11) NOT NULL,
  `tipo_notificacao` varchar(50) NOT NULL,
  `mensagem` text NOT NULL,
  `link_acao` varchar(255) DEFAULT NULL,
  `lida` tinyint(1) DEFAULT 0,
  `data_criacao` timestamp NOT NULL DEFAULT current_timestamp()
) ENGINE=InnoDB DEFAULT CHARSET=utf8mb4 COLLATE=utf8mb4_general_ci;

--
-- Despejando dados para a tabela `notificacoes`
--

INSERT INTO `notificacoes` (`id_notificacao`, `id_usuario_destino`, `tipo_notificacao`, `mensagem`, `link_acao`, `lida`, `data_criacao`) VALUES
(1, 1, 'orcamento_recebido', 'Você recebeu um novo orçamento para o serviço de Design Gráfico.', 'orcamento.php?id=1', 0, '2025-07-19 13:22:51'),
(2, 2, 'servico_fechado', 'Seu serviço foi concluído com sucesso!', 'servico.php?id=1', 0, '2025-07-19 13:22:51'),
(3, 3, 'nova_mensagem', 'Você recebeu uma nova mensagem no chat.', 'chat.php?id=1', 0, '2025-07-19 13:22:51'),
(4, 20, 'orcamento_novo', 'Você recebeu uma nova solicitação de orçamento para o serviço \"teste de servico\".', 'orcamentos.php?id=4', 0, '2025-10-27 23:38:28'),
(5, 19, 'orcamento_respondido', 'Você recebeu uma resposta para o orçamento do serviço \"teste de servico\"', 'meus-orcamentos.php?id=4', 1, '2025-10-28 00:04:47'),
(6, 22, 'orcamento_novo', 'Você recebeu uma nova solicitação de orçamento para o serviço \"kasdhgfuy\".', 'orcamentos.php?id=5', 0, '2025-10-28 00:24:11'),
(7, 19, 'orcamento_respondido', 'Você recebeu uma resposta para o orçamento do serviço \"kasdhgfuy\"', 'meus-orcamentos.php?id=5', 1, '2025-10-28 00:26:27'),
(8, 22, 'orcamento_novo', 'Você recebeu uma nova solicitação de orçamento para o serviço \"kasdhgfuy\".', 'orcamentos.php?id=6', 0, '2025-10-28 22:26:59'),
(9, 19, 'orcamento_respondido', 'Você recebeu uma resposta para o orçamento do serviço \"kasdhgfuy\"', 'meus-orcamentos.php?id=6', 1, '2025-10-28 22:28:37'),
(10, 22, 'orcamento_novo', 'Você recebeu uma nova solicitação de orçamento para o serviço \"kasdhgfuy\".', 'orcamentos.php?id=7', 0, '2025-10-28 22:28:48'),
(11, 19, 'orcamento_respondido', 'Você recebeu uma resposta para o orçamento do serviço \"kasdhgfuy\"', 'meus-orcamentos.php?id=7', 1, '2025-10-28 22:36:58'),
(12, 22, 'orcamento_novo', 'Você recebeu uma nova solicitação de orçamento para o serviço \"kasdhgfuy\".', 'orcamentos.php?id=8', 0, '2025-10-28 22:37:02'),
(13, 19, 'orcamento_respondido', 'Você recebeu uma resposta para o orçamento do serviço \"kasdhgfuy\"', 'meus-orcamentos.php?id=7', 1, '2025-10-28 22:38:10');

-- --------------------------------------------------------

--
-- Estrutura para tabela `orcamentos`
--

CREATE TABLE `orcamentos` (
  `id_orcamento` int(11) NOT NULL,
  `id_servico` int(11) NOT NULL,
  `id_cliente` int(11) NOT NULL,
  `id_profissional` int(11) NOT NULL,
  `detalhes_solicitacao` text DEFAULT NULL,
  `prazo_desejado` date DEFAULT NULL,
  `orcamento_maximo` decimal(10,2) DEFAULT NULL,
  `status` enum('pendente','aceito','recusado','concluido','cancelado') DEFAULT 'pendente',
  `data_resposta` datetime DEFAULT NULL,
  `valor_proposto` decimal(10,2) DEFAULT NULL,
  `observacoes` text DEFAULT NULL,
  `prazo_execucao` date DEFAULT NULL,
  `data_solicitacao` timestamp NOT NULL DEFAULT current_timestamp(),
  `data_atualizacao` timestamp NOT NULL DEFAULT current_timestamp() ON UPDATE current_timestamp()
) ENGINE=InnoDB DEFAULT CHARSET=utf8mb4 COLLATE=utf8mb4_general_ci;

--
-- Despejando dados para a tabela `orcamentos`
--

INSERT INTO `orcamentos` (`id_orcamento`, `id_servico`, `id_cliente`, `id_profissional`, `detalhes_solicitacao`, `prazo_desejado`, `orcamento_maximo`, `status`, `data_resposta`, `valor_proposto`, `observacoes`, `prazo_execucao`, `data_solicitacao`, `data_atualizacao`) VALUES
(1, 1, 5, 1, NULL, NULL, NULL, 'aceito', NULL, 250.00, NULL, NULL, '2025-07-19 13:22:51', '2025-07-19 13:22:51'),
(2, 2, 6, 2, NULL, NULL, NULL, 'pendente', NULL, 1200.00, NULL, NULL, '2025-07-19 13:22:51', '2025-07-19 13:22:51'),
(3, 3, 1, 3, NULL, NULL, NULL, 'concluido', NULL, 600.00, NULL, NULL, '2025-07-19 13:22:51', '2025-07-19 13:22:51'),
(4, 8, 19, 13, 'aiosudt', NULL, NULL, '', '2025-10-27 21:04:47', 10.00, 'sfdsdfgsdf', '2025-10-30', '2025-10-27 23:38:28', '2025-10-28 00:04:47'),
(5, 10, 19, 15, 'sdjhvf', NULL, NULL, '', '2025-10-27 21:26:27', 10.00, 'vou', '2025-11-01', '2025-10-28 00:24:11', '2025-10-28 00:26:27'),
(6, 10, 19, 15, 'ahgscd', NULL, NULL, '', '2025-10-28 19:28:37', 10.00, 'rtre', '2025-10-28', '2025-10-28 22:26:59', '2025-10-28 22:28:37'),
(7, 10, 19, 15, 'khvsduyh', NULL, NULL, '', '2025-10-28 19:38:10', 10.00, 'ad b', '2025-10-30', '2025-10-28 22:28:48', '2025-10-28 22:38:10'),
(8, 10, 19, 15, 'advab e', NULL, NULL, 'pendente', NULL, NULL, NULL, NULL, '2025-10-28 22:37:02', '2025-10-28 22:37:02');

-- --------------------------------------------------------

--
-- Estrutura para tabela `profissionais`
--

CREATE TABLE `profissionais` (
  `id_profissional` int(11) NOT NULL,
  `id_usuario` int(11) NOT NULL,
  `cpf` varchar(14) DEFAULT NULL,
  `area_atuacao` varchar(255) DEFAULT NULL,
  `descricao_perfil` text DEFAULT NULL,
  `curriculo_url` varchar(255) DEFAULT NULL,
  `foto_perfil_url` varchar(255) DEFAULT NULL,
  `media_avaliacao` decimal(2,1) DEFAULT 0.0,
  `total_avaliacoes` int(11) DEFAULT 0,
  `data_cadastro` timestamp NOT NULL DEFAULT current_timestamp(),
  `cidade_id` int(11) DEFAULT NULL,
  `endereco_comercial` text DEFAULT NULL,
  `disponibilidade` enum('disponivel','ocupado','indisponivel') DEFAULT 'disponivel',
  `aceita_orcamento` tinyint(1) DEFAULT 1,
  `atende_presencial` tinyint(1) DEFAULT 1,
  `atende_online` tinyint(1) DEFAULT 0,
  `experiencia_anos` int(11) DEFAULT 0
) ENGINE=InnoDB DEFAULT CHARSET=utf8mb4 COLLATE=utf8mb4_general_ci;

--
-- Despejando dados para a tabela `profissionais`
--

INSERT INTO `profissionais` (`id_profissional`, `id_usuario`, `cpf`, `area_atuacao`, `descricao_perfil`, `curriculo_url`, `foto_perfil_url`, `media_avaliacao`, `total_avaliacoes`, `data_cadastro`, `cidade_id`, `endereco_comercial`, `disponibilidade`, `aceita_orcamento`, `atende_presencial`, `atende_online`, `experiencia_anos`) VALUES
(1, 1, '111.111.111-11', 'Design Gráfico', 'Designer gráfica especializada em identidade visual e materiais impressos.', 'curriculo_ana.pdf', 'foto_ana.jpg', 4.5, 10, '2025-07-19 13:22:51', 7, NULL, 'disponivel', 1, 1, 0, 0),
(2, 2, '222.222.222-22', 'Desenvolvimento Web', 'Desenvolvedor web full-stack com experiência em PHP, MySQL, HTML, CSS e JavaScript.', 'curriculo_carlos.pdf', 'foto_carlos.jpg', 4.8, 15, '2025-07-19 13:22:51', 7, NULL, 'disponivel', 1, 1, 0, 0),
(3, 3, '333.333.333-33', 'Marketing Digital', 'Especialista em marketing digital, SEO e gestão de mídias sociais.', 'curriculo_juliana.pdf', 'foto_juliana.jpg', 4.2, 8, '2025-07-19 13:22:51', 7, NULL, 'disponivel', 1, 1, 0, 0),
(4, 4, '444.444.444-44', 'Fotografia', 'Fotógrafo profissional para eventos, retratos e produtos.', 'curriculo_rafael.pdf', 'foto_rafael.jpg', 4.7, 12, '2025-07-19 13:22:51', 7, NULL, 'disponivel', 1, 1, 0, 0),
(5, 10, '363.002.56', 'TI', 'FAÇO SERVIÇOS EM GERAL EM TI', NULL, NULL, 0.0, 0, '2025-07-19 14:30:00', 7, NULL, 'disponivel', 1, 1, 0, 0),
(7, 12, '772.971.216-49', 'saude', 'Cuidador de idosos', NULL, NULL, 0.0, 0, '2025-07-20 18:46:14', NULL, NULL, 'disponivel', 1, 1, 0, 0),
(8, 13, '100.057.676-01', 'saude', 'DFDFDFD', NULL, NULL, 0.0, 0, '2025-07-20 18:47:48', NULL, NULL, 'disponivel', 1, 1, 0, 0),
(9, 15, '102.057.058-45', 'Consultoria', 'Faço consulta', NULL, NULL, 0.0, 0, '2025-10-24 22:32:42', NULL, NULL, 'disponivel', 1, 1, 0, 0),
(10, 16, '845.984.415-12', 'Marketing Digital', 'Tiru fotu', NULL, NULL, 0.0, 0, '2025-10-24 22:46:58', NULL, NULL, 'disponivel', 1, 1, 0, 0),
(11, 17, '651.564.156-41', 'Saúde e Bem-Estar', 'usdjhdfb jxcb x dkuj kj\\xgcmjzgdjk wag h\\jmn\\ g HN\\S CBN as|  FVBJ', NULL, NULL, 0.0, 0, '2025-10-24 22:53:15', NULL, NULL, 'disponivel', 1, 1, 0, 0),
(12, 18, '564.564.564-56', 'Marketing Digital', 'sçbdg bsbfvjhsdb  yv', NULL, NULL, 0.0, 0, '2025-10-24 22:54:31', NULL, NULL, 'disponivel', 1, 1, 0, 0),
(13, 20, '111.555.666-48', 'Design Gráfico', 'asdkhhfjatydu', NULL, NULL, 0.0, 0, '2025-10-27 22:25:12', 804, NULL, 'disponivel', 1, 1, 0, 3),
(14, 21, '111.222.333-44', 'Desenvolvimento', 'ausfdy', NULL, NULL, 0.0, 0, '2025-10-28 00:17:38', NULL, NULL, 'disponivel', 1, 1, 0, 0),
(15, 22, '654.891.111-11', 'Desenvolvimento', 'asjfgv', NULL, NULL, 0.0, 0, '2025-10-28 00:22:48', 107, NULL, 'disponivel', 1, 1, 0, 0);

-- --------------------------------------------------------

--
-- Estrutura para tabela `servicos`
--

CREATE TABLE `servicos` (
  `id_servico` int(11) NOT NULL,
  `id_profissional` int(11) NOT NULL,
  `id_categoria` int(11) NOT NULL,
  `titulo` varchar(255) NOT NULL,
  `descricao` text NOT NULL,
  `preco` decimal(10,2) NOT NULL,
  `tempo_entrega` varchar(100) DEFAULT NULL,
  `media_avaliacao` decimal(2,1) DEFAULT 0.0,
  `total_avaliacoes` int(11) DEFAULT 0,
  `data_criacao` timestamp NOT NULL DEFAULT current_timestamp(),
  `cidade_id` int(11) DEFAULT NULL,
  `tipo_servico` enum('presencial','online','hibrido') DEFAULT 'presencial',
  `status_servico` varchar(30) NOT NULL DEFAULT 'ativo',
  `ativo` tinyint(4) DEFAULT 1
) ENGINE=InnoDB DEFAULT CHARSET=utf8mb4 COLLATE=utf8mb4_general_ci;

--
-- Despejando dados para a tabela `servicos`
--

INSERT INTO `servicos` (`id_servico`, `id_profissional`, `id_categoria`, `titulo`, `descricao`, `preco`, `tempo_entrega`, `media_avaliacao`, `total_avaliacoes`, `data_criacao`, `cidade_id`, `tipo_servico`, `status_servico`, `ativo`) VALUES
(1, 1, 5, 'Criação de Logotipos Profissionais', 'Criação de logotipos exclusivos para sua empresa ou projeto, com até 3 propostas e revisões ilimitadas.', 250.00, '5 dias úteis', 4.5, 10, '2025-07-19 13:22:51', 7, 'presencial', 'ativo', 1),
(2, 2, 2, 'Desenvolvimento de Sites Responsivos', 'Criação de sites modernos e responsivos, otimizados para SEO e com painel administrativo.', 1200.00, '15 dias úteis', 4.8, 15, '2025-07-19 13:22:51', 7, 'presencial', 'ativo', 1),
(3, 3, 3, 'Gestão de Redes Sociais', 'Planejamento, criação de conteúdo e gerenciamento completo de suas redes sociais.', 600.00, 'Mensal', 4.2, 8, '2025-07-19 13:22:51', 7, 'presencial', 'ativo', 1),
(4, 4, 6, 'Sessão de Fotos Profissionais', 'Sessão de fotos para portfólio, eventos ou produtos, com edição inclusa.', 350.00, '7 dias úteis', 4.7, 12, '2025-07-19 13:22:51', 7, 'presencial', 'ativo', 1),
(5, 1, 5, 'Identidade Visual Completa', 'Criação de logotipo, paleta de cores, tipografia e manual de marca.', 800.00, '10 dias úteis', 4.6, 7, '2025-07-19 13:22:51', 7, 'presencial', 'ativo', 1),
(6, 2, 2, 'Manutenção de Websites', 'Serviço de manutenção e atualização de websites existentes.', 300.00, 'Por demanda', 4.3, 5, '2025-07-19 13:22:51', 7, 'presencial', 'ativo', 1),
(8, 13, 3, 'teste de servico', 'asçdkljkgasud', 10.00, '3', 0.0, 0, '2025-10-27 23:14:17', 804, 'presencial', 'ativo', 1),
(9, 13, 8, 'teste 2', 'asjkdfjhsd', 10.00, '3', 0.0, 0, '2025-10-27 23:17:11', 804, 'presencial', 'ativo', 1),
(10, 15, 9, 'kasdhgfuy', 'jkdbsbhavy', 10.00, '3', 0.0, 0, '2025-10-28 00:23:17', 107, 'presencial', 'ativo', 1);

-- --------------------------------------------------------

--
-- Estrutura para tabela `usuarios`
--

CREATE TABLE `usuarios` (
  `id_usuario` int(11) NOT NULL,
  `nome` varchar(255) NOT NULL,
  `email` varchar(255) NOT NULL,
  `senha` varchar(255) NOT NULL,
  `telefone` varchar(20) DEFAULT NULL,
  `endereco` text DEFAULT NULL,
  `data_cadastro` timestamp NOT NULL DEFAULT current_timestamp(),
  `cidade_id` int(11) DEFAULT NULL,
  `tipo_usuario` enum('cliente','prestador','admin') DEFAULT 'cliente',
  `endereco_completo` text DEFAULT NULL,
  `cep` varchar(10) DEFAULT NULL,
  `whatsapp` varchar(20) DEFAULT NULL,
  `data_nascimento` date DEFAULT NULL,
  `foto_perfil` varchar(255) DEFAULT NULL,
  `experiencia_anos` int(11) DEFAULT 0
) ENGINE=InnoDB DEFAULT CHARSET=utf8mb4 COLLATE=utf8mb4_general_ci;

--
-- Despejando dados para a tabela `usuarios`
--

INSERT INTO `usuarios` (`id_usuario`, `nome`, `email`, `senha`, `telefone`, `endereco`, `data_cadastro`, `cidade_id`, `tipo_usuario`, `endereco_completo`, `cep`, `whatsapp`, `data_nascimento`, `foto_perfil`, `experiencia_anos`) VALUES
(1, 'Ana Silva', 'ana.silva@example.com', 'senha123', '11987654321', 'Rua A, 123, São Paulo', '2025-07-19 13:22:51', 7, 'prestador', NULL, NULL, NULL, NULL, NULL, 0),
(2, 'Carlos Oliveira', 'carlos.o@example.com', 'senha123', '21998765432', 'Av. B, 456, Rio de Janeiro', '2025-07-19 13:22:51', 7, 'prestador', NULL, NULL, NULL, NULL, NULL, 0),
(3, 'Juliana Santos', 'juliana.s@example.com', 'senha123', '31976543210', 'Rua C, 789, Belo Horizonte', '2025-07-19 13:22:51', 7, 'prestador', NULL, NULL, NULL, NULL, NULL, 0),
(4, 'Rafael Mendes', 'rafael.m@example.com', 'senha123', '41965432109', 'Av. D, 101, Curitiba', '2025-07-19 13:22:51', 7, 'prestador', NULL, NULL, NULL, NULL, NULL, 0),
(5, 'Fernanda Costa', 'fernanda.c@example.com', 'senha123', '51954321098', 'Rua E, 202, Porto Alegre', '2025-07-19 13:22:51', 7, 'cliente', NULL, NULL, NULL, NULL, NULL, 0),
(6, 'Pedro Almeida', 'pedro.a@example.com', 'senha123', '61943210987', 'Av. F, 303, Brasília', '2025-07-19 13:22:51', 7, 'cliente', NULL, NULL, NULL, NULL, NULL, 0),
(7, 'SARAH CAROLINE DA SILVA', 'rr@gmail.com', '$2y$10$ZeON7UKFnQukelOYLla40.4vt9ZqqNqlcAIjs8cnqO1byeiT7poUm', '(32) 99961-2303', 'José Pedro Azevedo, 52', '2025-07-19 13:27:46', 7, 'cliente', NULL, NULL, NULL, NULL, NULL, 0),
(8, 'ricardo marcio', 'ricardomarciom@gmail.com', '$2y$10$MQrq9mwBkx9IDtLdt3EPCOc/YVFCp8sogeMviilalztmT7Pu/sFZu', '(32) 99961-2303', 'José Pedro Azevedo, 52', '2025-07-19 13:29:11', 7, 'cliente', NULL, NULL, NULL, NULL, NULL, 0),
(10, 'ricardo mamede', 'ricardomarciom2@gmail.com', '$2y$10$8k7iP4xhWU4zhVr8ml13iuJU3tZlm038Dc1.8ePPJcap0CvDVhutm', '(32) 99961-2303', 'José Pedro Azevedo, 52', '2025-07-19 14:30:00', 7, 'prestador', NULL, NULL, NULL, NULL, NULL, 0),
(12, 'pedro', 'rafael@gmail.com', '$2y$10$ZuBu0Wq1XmDl6kaexywDM.e/0RDyh28tvF9SpLNkLpbiUuLXPSJVm', '(32) 99961-2304', 'José Pedro Azevedo, 56', '2025-07-20 18:46:14', NULL, 'cliente', NULL, NULL, NULL, NULL, NULL, 0),
(13, 'JOAO', 'rrr@gmail.com', '$2y$10$/xuKhGIJodVeABxRkXlc0uJa49m3WmrQm3CbPSHrvp.D/2nex6pvK', '(32) 99945-7687', 'Tv Montezuma 59 Senhor Dos Montes', '2025-07-20 18:47:48', NULL, 'cliente', NULL, NULL, NULL, NULL, NULL, 0),
(14, 'Rafael Gustavo Da Silva', 'rafaelsilvamdm@gmail.com', '$2y$10$QtcfH2qIJYYHUyAZxyX8Ieo057lsXqIzBIFgUbIrvNE7KAex09dIO', '(32) 99929-6905', 'Rua Amazonas', '2025-10-09 00:04:08', 17, 'cliente', 'Rua Amazonas 79', '37305-000', '(32) 99815-1939', '2007-01-27', 'uploads/perfis/14.jpg', 0),
(15, 'Joaquim Santos', 'j@j.com', '$2y$10$pGhXiivN6LluoaOlA0ygTeRGT9IF2b63y9k3XRgpySt6dn0Xf934K', '(11) 94002-8922', 'SBT', '2025-10-24 22:32:42', NULL, 'prestador', NULL, NULL, NULL, NULL, NULL, 0),
(16, 'Gorge', 'g@g.com', '$2y$10$bPKnYdgfMn1TXrrGBaW8G.K1.gvSaC/AUEt9x3Uyl4XF/YJKsE.pq', '(33) 93717-0703', 'Mamade', '2025-10-24 22:46:58', NULL, '', NULL, NULL, NULL, NULL, NULL, 0),
(17, 'marçal', 'm@m', '$2y$10$.x3OeKMIqIIDPhfulevNsuPkaguTSxAoJJqwtjIjK1vGBrwWPtEcq', '(65) 56484-8644', '156561', '2025-10-24 22:53:15', NULL, 'prestador', NULL, NULL, NULL, NULL, NULL, 0),
(18, 'fsge', 'f@f', '$2y$10$tc4VQkQFw3xzhOrghxu78OVv5gWsZyi0x1ZSNVSe9iyxnQwIyihoi', '(56) 45645-34', '5456456465', '2025-10-24 22:54:31', NULL, 'prestador', NULL, NULL, NULL, NULL, NULL, 0),
(19, 'cliente', 'c@c.org', '$2y$10$513VkkuCuOe3skM.kkv9U.6.9vAzXxSJv2EXWYQe146a48sBVOaw2', '(15) 64651-651', 'ahnsiufgvzdukj', '2025-10-24 22:55:56', 19, 'cliente', '132141 b1bv', '12325-325', '13131313', '1998-03-31', 'uploads/perfis/19.png', 0),
(20, 'trabalhador', 't@t.com', '$2y$10$efjurGyvLOJh72gCSvlIe.NsnnbWS3y.Wy6s0N8LfIU80digDwhse', '(32) 99999-9999', 'rua joao luiz', '2025-10-27 22:25:12', 804, 'prestador', 'rua sao luiz', '68419-871', '329999999999', NULL, NULL, 3),
(21, 't2', 't2@t2.com', '$2y$10$YLoVXCJcvWbwzxGtSXRtaOpuLMNk446Fj59.RyJuFQAG8dHcUXTNi', '(32) 99999-9999', 'rua claudio', '2025-10-28 00:17:38', NULL, 'prestador', NULL, NULL, NULL, NULL, NULL, 0),
(22, 't3', 't3@t3.com', '$2y$10$y/ap9KQ9vjsnYdxxm2cHzemvrhBKPR5cfA/t8ohMTGwg0M/1dJl6a', '9999999999', NULL, '2025-10-28 00:22:48', 107, 'prestador', 'akjsdgauysvdb', NULL, NULL, NULL, NULL, 0);

--
-- Índices para tabelas despejadas
--

--
-- Índices de tabela `administradores`
--
ALTER TABLE `administradores`
  ADD PRIMARY KEY (`id_administrador`),
  ADD UNIQUE KEY `email` (`email`);

--
-- Índices de tabela `avaliacoes`
--
ALTER TABLE `avaliacoes`
  ADD PRIMARY KEY (`id_avaliacao`),
  ADD KEY `id_servico` (`id_servico`),
  ADD KEY `id_usuario` (`id_usuario`);

--
-- Índices de tabela `categorias`
--
ALTER TABLE `categorias`
  ADD PRIMARY KEY (`id_categoria`),
  ADD UNIQUE KEY `nome_categoria` (`nome_categoria`);

--
-- Índices de tabela `cidades_senac_mg`
--
ALTER TABLE `cidades_senac_mg`
  ADD PRIMARY KEY (`id_cidade`),
  ADD UNIQUE KEY `nome_cidade` (`nome_cidade`);

--
-- Índices de tabela `mensagens`
--
ALTER TABLE `mensagens`
  ADD PRIMARY KEY (`id_mensagem`),
  ADD KEY `id_remetente` (`id_remetente`),
  ADD KEY `id_destinatario` (`id_destinatario`),
  ADD KEY `id_orcamento` (`id_orcamento`);

--
-- Índices de tabela `notificacoes`
--
ALTER TABLE `notificacoes`
  ADD PRIMARY KEY (`id_notificacao`),
  ADD KEY `id_usuario_destino` (`id_usuario_destino`);

--
-- Índices de tabela `orcamentos`
--
ALTER TABLE `orcamentos`
  ADD PRIMARY KEY (`id_orcamento`),
  ADD KEY `id_servico` (`id_servico`),
  ADD KEY `id_cliente` (`id_cliente`),
  ADD KEY `id_profissional` (`id_profissional`);

--
-- Índices de tabela `profissionais`
--
ALTER TABLE `profissionais`
  ADD PRIMARY KEY (`id_profissional`),
  ADD UNIQUE KEY `cpf` (`cpf`),
  ADD KEY `id_usuario` (`id_usuario`);

--
-- Índices de tabela `servicos`
--
ALTER TABLE `servicos`
  ADD PRIMARY KEY (`id_servico`),
  ADD KEY `id_profissional` (`id_profissional`),
  ADD KEY `id_categoria` (`id_categoria`);

--
-- Índices de tabela `usuarios`
--
ALTER TABLE `usuarios`
  ADD PRIMARY KEY (`id_usuario`),
  ADD UNIQUE KEY `email` (`email`);

--
-- AUTO_INCREMENT para tabelas despejadas
--

--
-- AUTO_INCREMENT de tabela `administradores`
--
ALTER TABLE `administradores`
  MODIFY `id_administrador` int(11) NOT NULL AUTO_INCREMENT, AUTO_INCREMENT=2;

--
-- AUTO_INCREMENT de tabela `avaliacoes`
--
ALTER TABLE `avaliacoes`
  MODIFY `id_avaliacao` int(11) NOT NULL AUTO_INCREMENT, AUTO_INCREMENT=7;

--
-- AUTO_INCREMENT de tabela `categorias`
--
ALTER TABLE `categorias`
  MODIFY `id_categoria` int(11) NOT NULL AUTO_INCREMENT, AUTO_INCREMENT=10;

--
-- AUTO_INCREMENT de tabela `cidades_senac_mg`
--
ALTER TABLE `cidades_senac_mg`
  MODIFY `id_cidade` int(11) NOT NULL AUTO_INCREMENT, AUTO_INCREMENT=953;

--
-- AUTO_INCREMENT de tabela `mensagens`
--
ALTER TABLE `mensagens`
  MODIFY `id_mensagem` int(11) NOT NULL AUTO_INCREMENT, AUTO_INCREMENT=4;

--
-- AUTO_INCREMENT de tabela `notificacoes`
--
ALTER TABLE `notificacoes`
  MODIFY `id_notificacao` int(11) NOT NULL AUTO_INCREMENT, AUTO_INCREMENT=14;

--
-- AUTO_INCREMENT de tabela `orcamentos`
--
ALTER TABLE `orcamentos`
  MODIFY `id_orcamento` int(11) NOT NULL AUTO_INCREMENT, AUTO_INCREMENT=9;

--
-- AUTO_INCREMENT de tabela `profissionais`
--
ALTER TABLE `profissionais`
  MODIFY `id_profissional` int(11) NOT NULL AUTO_INCREMENT, AUTO_INCREMENT=16;

--
-- AUTO_INCREMENT de tabela `servicos`
--
ALTER TABLE `servicos`
  MODIFY `id_servico` int(11) NOT NULL AUTO_INCREMENT, AUTO_INCREMENT=11;

--
-- AUTO_INCREMENT de tabela `usuarios`
--
ALTER TABLE `usuarios`
  MODIFY `id_usuario` int(11) NOT NULL AUTO_INCREMENT, AUTO_INCREMENT=23;

--
-- Restrições para tabelas despejadas
--

--
-- Restrições para tabelas `avaliacoes`
--
ALTER TABLE `avaliacoes`
  ADD CONSTRAINT `avaliacoes_ibfk_1` FOREIGN KEY (`id_servico`) REFERENCES `servicos` (`id_servico`),
  ADD CONSTRAINT `avaliacoes_ibfk_2` FOREIGN KEY (`id_usuario`) REFERENCES `usuarios` (`id_usuario`);

--
-- Restrições para tabelas `mensagens`
--
ALTER TABLE `mensagens`
  ADD CONSTRAINT `mensagens_ibfk_1` FOREIGN KEY (`id_remetente`) REFERENCES `usuarios` (`id_usuario`),
  ADD CONSTRAINT `mensagens_ibfk_2` FOREIGN KEY (`id_destinatario`) REFERENCES `usuarios` (`id_usuario`),
  ADD CONSTRAINT `mensagens_ibfk_3` FOREIGN KEY (`id_orcamento`) REFERENCES `orcamentos` (`id_orcamento`);

--
-- Restrições para tabelas `notificacoes`
--
ALTER TABLE `notificacoes`
  ADD CONSTRAINT `notificacoes_ibfk_1` FOREIGN KEY (`id_usuario_destino`) REFERENCES `usuarios` (`id_usuario`);

--
-- Restrições para tabelas `orcamentos`
--
ALTER TABLE `orcamentos`
  ADD CONSTRAINT `orcamentos_ibfk_1` FOREIGN KEY (`id_servico`) REFERENCES `servicos` (`id_servico`),
  ADD CONSTRAINT `orcamentos_ibfk_2` FOREIGN KEY (`id_cliente`) REFERENCES `usuarios` (`id_usuario`),
  ADD CONSTRAINT `orcamentos_ibfk_3` FOREIGN KEY (`id_profissional`) REFERENCES `profissionais` (`id_profissional`);

--
-- Restrições para tabelas `profissionais`
--
ALTER TABLE `profissionais`
  ADD CONSTRAINT `profissionais_ibfk_1` FOREIGN KEY (`id_usuario`) REFERENCES `usuarios` (`id_usuario`);

--
-- Restrições para tabelas `servicos`
--
ALTER TABLE `servicos`
  ADD CONSTRAINT `servicos_ibfk_1` FOREIGN KEY (`id_profissional`) REFERENCES `profissionais` (`id_profissional`),
  ADD CONSTRAINT `servicos_ibfk_2` FOREIGN KEY (`id_categoria`) REFERENCES `categorias` (`id_categoria`);
COMMIT;

/*!40101 SET CHARACTER_SET_CLIENT=@OLD_CHARACTER_SET_CLIENT */;
/*!40101 SET CHARACTER_SET_RESULTS=@OLD_CHARACTER_SET_RESULTS */;
/*!40101 SET COLLATION_CONNECTION=@OLD_COLLATION_CONNECTION */;
